DID,SSN,ITEMID
1,12345736,1
2,12345737,2
3,12345738,3
4,12345739,4
5,12345740,5
6,12345741,6
7,12345742,7
8,12345743,8
9,12345744,9
10,12345745,10
11,12345746,11
12,12345736,12
13,12345737,13
14,12345738,14
15,12345739,15
16,12345740,16
17,12345741,17
18,12345742,18
19,12345743,19
20,12345744,20
21,12345745,21
22,12345746,22
23,12345747,23
24,12345748,24
25,12345747,25
26,12345748,26
27,12345747,27
28,12345748,28
29,12345749,29
30,12345750,30
31,15451018,24
32,15451019,24
33,15451020,24
34,15451021,24
35,15451022,24
36,15451023,24
37,15451024,24
38,15451025,24
39,15451026,24
40,15451027,24
41,15451028,24
42,15451029,24
43,15451030,24
44,15451031,24
45,15451032,24
46,15451033,24
47,15451034,24
48,15451035,24
49,15451036,24
50,15451037,24
51,15451038,24
52,15451039,24
53,15451040,24
54,15451041,24
55,15451042,24
56,15451043,24
57,15451044,24
58,15451045,24
59,15451046,24
60,15451047,24
61,15451048,24
62,15451049,24
63,15451050,24
64,15451051,24
65,15451052,24
66,15451053,24
67,15451054,24
68,15451055,24
69,15451056,24
70,15451057,24
71,15451058,24
72,15451059,24
73,15451060,24
74,15451061,24
75,15451062,24
76,15451063,24
77,15451064,24
78,15451065,24
79,15451066,24
80,15451067,24
81,15451068,24
82,15451069,24
83,15451070,24
84,15451071,24
85,15451072,24
86,15451073,24
87,15451074,24
88,15451075,24
89,15451076,24
90,15451077,24
91,15451078,24
92,15451079,24
93,15451080,24
94,15451081,24
95,15451082,24
96,15451083,24
97,15451084,24
98,15451085,24
99,15451086,24
100,15451087,24
101,15451088,24
102,15451089,24
103,15451090,24
104,15451091,24
105,15451092,24
106,15451093,24
107,15451094,24
108,15451095,24
109,15451096,24
110,15451097,24
111,15451098,24
112,15451099,24
113,15451100,24
114,15451101,24
115,15451102,24
116,15451103,24
117,15451104,24
118,15451105,24
119,15451106,24
120,15451107,24
121,15451108,24
122,15451109,24
123,15451110,24
124,15451111,24
125,15451112,24
126,15451113,24
127,15451114,24
128,15451115,24
129,15451116,24
130,15451117,24
131,15451118,24
132,15451119,24
133,15451120,24
134,15451121,24
135,15451122,24
136,15451123,24
137,15451124,24
138,15451125,24
139,15451126,24
140,15451127,24
141,15451128,24
142,15451129,24
143,15451130,24
144,15451131,24
145,15451132,24
146,15451133,24
147,15451134,24
148,15451135,24
149,15451136,24
150,15451137,24
151,15451138,24
152,15451139,24
153,15451140,24
154,15451141,24
155,15451142,24
156,15451143,24
157,15451144,24
158,15451145,24
159,15451146,24
160,15451147,24
161,15451148,24
162,15451149,24
163,15451150,24
164,15451151,24
165,15451152,24
166,15451153,24
167,15451154,24
168,15451155,24
169,15451156,24
170,15451157,24
171,15451158,24
172,15451159,24
173,15451160,24
174,15451161,24
175,15451162,24
176,15451163,24
177,15451164,24
178,15451165,24
179,15451166,24
180,15451167,24
181,15451168,24
182,15451169,24
183,15451170,24
184,15451171,24
185,15451172,24
186,15451173,24
187,15451174,24
188,15451175,24
189,15451176,24
190,15451177,24
191,15451178,24
192,15451179,24
193,15451180,24
194,15451181,24
195,15451182,24
196,15451183,24
197,15451184,24
198,15451185,24
199,15451186,24
200,15451187,24
201,15451188,24
202,15451189,24
203,15451190,24
204,15451191,24
205,15451192,24
206,15451193,24
207,15451194,24
208,15451195,24
209,15451196,24
210,15451197,24
211,15451198,24
212,15451199,24
213,15451200,24
214,15451201,24
215,15451202,24
216,15451203,24
217,15451204,24
218,15451205,24
219,15451206,24
220,15451207,24
221,15451208,24
222,15451209,24
223,15451210,24
224,15451211,24
225,15451212,24
226,15451213,24
227,15451214,24
228,15451215,24
229,15451216,24
230,15451217,24
231,15451218,24
232,15451219,24
233,15451220,24
234,15451221,24
235,15451222,24
236,15451223,24
237,15451224,24
238,15451225,24
239,15451226,24
240,15451227,24
241,15451228,24
242,15451229,24
243,15451230,24
244,15451231,24
245,15451232,24
246,15451233,24
247,15451234,24
248,15451235,24
249,15451236,24
250,15451237,24
251,15451238,24
252,15451239,24
253,15451240,24
254,15451241,24
255,15451242,24
256,15451243,24
257,15451244,24
258,15451245,24
259,15451246,24
260,15451247,24
261,15451248,24
262,15451249,24
263,15451250,24
264,15451251,24
265,15451252,24
266,15451253,24
267,15451254,24
268,15451255,24
269,15451256,24
270,15451257,24
271,15451258,24
272,15451259,24
273,15451260,24
274,15451261,24
275,15451262,24
276,15451263,24
277,15451264,24
278,15451265,24
279,15451266,24
280,15451267,24
281,15451268,24
282,15451269,24
283,15451270,24
284,15451271,24
285,15451272,24
286,15451273,24
287,15451274,24
288,15451275,24
289,15451276,24
290,15451277,24
291,15451278,24
292,15451279,24
293,15451280,24
294,15451281,24
295,15451282,24
296,15451283,24
297,15451284,24
298,15451285,24
299,15451286,24
300,15451287,24
301,15451288,24
302,15451289,24
303,15451290,24
304,15451291,24
305,15451292,24
306,15451293,24
307,15451294,24
308,15451295,24
309,15451296,24
310,15451297,24
311,15451298,24
312,15451299,24
313,15451300,24
314,15451301,24
315,15451302,24
316,15451303,24
317,15451304,24
318,15451305,24
319,15451306,24
320,15451307,24
321,15451308,24
322,15451309,24
323,15451310,24
324,15451311,24
325,15451312,24
326,15451313,24
327,15451314,24
328,15451315,24
329,15451316,24
330,15451317,24
331,15451318,24
332,15451319,24
333,15451320,24
334,15451321,24
335,15451322,24
336,15451323,24
337,15451324,24
338,15451325,24
339,15451326,24
340,15451327,24
341,15451328,24
342,15451329,24
343,15451330,24
344,15451331,24
345,15451332,24
346,15451333,24
347,15451334,24
348,15451335,24
349,15451336,24
350,15451337,24
351,15451338,24
352,15451339,24
353,15451340,24
354,15451341,24
355,15451342,24
356,15451343,24
357,15451344,24
358,15451345,24
359,15451346,24
360,15451347,24
361,15451348,24
362,15451349,24
363,15451350,24
364,15451351,24
365,15451352,24
366,15451353,24
367,15451354,24
368,15451355,24
369,15451356,24
370,15451357,24
371,15451358,24
372,15451359,24
373,15451360,24
374,15451361,24
375,15451362,24
376,15451363,24
377,15451364,24
378,15451365,24
379,15451366,24
380,15451367,24
381,15451368,24
382,15451369,24
383,15451370,24
384,15451371,24
385,15451372,24
386,15451373,24
387,15451374,24
388,15451375,24
389,15451376,24
390,15451377,24
391,15451378,24
392,15451379,24
393,15451380,24
394,15451381,24
395,15451382,24
396,15451383,24
397,15451384,24
398,15451385,24
399,15451386,24
400,15451387,24
401,15451388,24
402,15451389,24
403,15451390,24
404,15451391,24
405,15451392,24
406,15451393,24
407,15451394,24
408,15451395,24
409,15451396,24
410,15451397,24
411,15451398,24
412,15451399,24
413,15451400,24
414,15451401,24
415,15451402,24
416,15451403,24
417,15451404,24
418,15451405,24
419,15451406,24
420,15451407,24
421,15451408,24
422,15451409,24
423,15451410,24
424,15451411,24
425,15451412,24
426,15451413,24
427,15451414,24
428,15451415,24
429,15451416,24
430,15451417,24
431,15451418,24
432,15451419,24
433,15451420,24
434,15451421,24
435,15451422,24
436,15451423,24
437,15451424,24
438,15451425,24
439,15451426,24
440,15451427,24
441,15451428,24
442,15451429,24
443,15451430,24
444,15451431,24
445,15451432,24
446,15451433,24
447,15451434,24
448,15451435,24
449,15451436,24
450,15451437,24
451,15451438,24
452,15451439,24
453,15451440,24
454,15451441,24
455,15451442,24
456,15451443,24
457,15451444,24
458,15451445,24
459,15451446,24
460,15451447,24
461,15451448,24
462,15451449,24
463,15451450,24
464,15451451,24
465,15451452,24
466,15451453,24
467,15451454,24
468,15451455,24
469,15451456,24
470,15451457,24
471,15451458,24
472,15451459,24
473,15451460,24
474,15451461,24
475,15451462,24
476,15451463,24
477,15451464,24
478,15451465,24
479,15451466,24
480,15451467,24
481,15451468,24
482,15451469,24
483,15451470,24
484,15451471,24
485,15451472,24
486,15451473,24
487,15451474,24
488,15451475,24
489,15451476,24
490,15451477,24
491,15451478,24
492,15451479,24
493,15451480,24
494,15451481,24
495,15451482,24
496,15451483,24
497,15451484,24
498,15451485,24
499,15451486,24
500,15451487,24
501,15451488,24
502,15451489,24
503,15451490,24
504,15451491,24
505,15451492,24
506,15451493,24
507,15451494,24
508,15451495,24
509,15451496,24
510,15451497,24
511,15451498,24
512,15451499,24
513,15451500,24
514,15451501,24
515,15451502,24
516,15451503,24
517,15451504,24
518,15451505,24
519,15451506,24
520,15451507,24
521,15451508,24
522,15451509,24
523,15451510,24
524,15451511,24
525,15451512,24
526,15451513,24
527,15451514,24
528,15451515,24
529,15451516,24
530,15451517,24
531,15451518,24
532,15451519,24
533,15451520,24
534,15451521,24
535,15451522,24
536,15451523,24
537,15451524,24
538,15451525,24
539,15451526,24
540,15451527,24
541,15451528,24
542,15451529,24
543,15451530,24
544,15451531,24
545,15451532,24
546,15451533,24
547,15451534,24
548,15451535,24
549,15451536,24
550,15451537,24
551,15451538,24
552,15451539,24
553,15451540,24
554,15451541,24
555,15451542,24
556,15451543,24
557,15451544,24
558,15451545,24
559,15451546,24
560,15451547,24
561,15451548,24
562,15451549,24
563,15451550,24
564,15451551,24
565,15451552,24
566,15451553,24
567,15451554,24
568,15451555,24
569,15451556,24
570,15451557,24
571,15451558,24
572,15451559,24
573,15451560,24
574,15451561,24
575,15451562,24
576,15451563,24
577,15451564,24
578,15451565,24
579,15451566,24
580,15451567,24
581,15451568,24
582,15451569,24
583,15451570,24
584,15451571,24
585,15451572,24
586,15451573,24
587,15451574,24
588,15451575,24
589,15451576,24
590,15451577,24
591,15451578,24
592,15451579,24
593,15451580,24
594,15451581,24
595,15451582,24
596,15451583,24
597,15451584,24
598,15451585,24
599,15451586,24
600,15451587,24
601,15451588,24
602,15451589,24
603,15451590,24
604,15451591,24
605,15451592,24
606,15451593,24
607,15451594,24
608,15451595,24
609,15451596,24
610,15451597,24
611,15451598,24
612,15451599,24
613,15451600,24
614,15451601,24
615,15451602,24
616,15451603,24
617,15451604,24
618,15451605,24
619,15451606,24
620,15451607,24
621,15451608,24
622,15451609,24
623,15451610,24
624,15451611,24
625,15451612,24
626,15451613,24
627,15451614,24
628,15451615,24
629,15451616,24
630,15451617,24
631,15451618,24
632,15451619,24
633,15451620,24
634,15451621,24
635,15451622,24
636,15451623,24
637,15451624,24
638,15451625,24
639,15451626,24
640,15451627,24
641,15451628,24
642,15451629,24
643,15451630,24
644,15451631,24
645,15451632,24
646,15451633,24
647,15451634,24
648,15451635,24
649,15451636,24
650,15451637,24
651,15451638,24
652,15451639,24
653,15451640,24
654,15451641,24
655,15451642,24
656,15451643,24
657,15451644,24
658,15451645,24
659,15451646,24
660,15451647,24
661,15451648,24
662,15451649,24
663,15451650,24
664,15451651,24
665,15451652,24
666,15451653,24
667,15451654,24
668,15451655,24
669,15451656,24
670,15451657,24
671,15451658,24
672,15451659,24
673,15451660,24
674,15451661,24
675,15451662,24
676,15451663,24
677,15451664,24
678,15451665,24
679,15451666,24
680,15451667,24
681,15451668,24
682,15451669,24
683,15451670,24
684,15451671,24
685,15451672,24
686,15451673,24
687,15451674,24
688,15451675,24
689,15451676,24
690,15451677,24
691,15451678,24
692,15451679,24
693,15451680,24
694,15451681,24
695,15451682,24
696,15451683,24
697,15451684,24
698,15451685,24
699,15451686,24
700,15451687,24
701,15451688,24
702,15451689,24
703,15451690,24
704,15451691,24
705,15451692,24
706,15451693,24
707,15451694,24
708,15451695,24
709,15451696,24
710,15451697,24
711,15451698,24
712,15451699,24
713,15451700,24
714,15451701,24
715,15451702,24
716,15451703,24
717,15451704,24
718,15451705,24
719,15451706,24
720,15451707,24
721,15451708,24
722,15451709,24
723,15451710,24
724,15451711,24
725,15451712,24
726,15451713,24
727,15451714,24
728,15451715,24
729,15451716,24
730,15451717,24
731,15451718,24
732,15451719,24
733,15451720,24
734,15451721,24
735,15451722,24
736,15451723,24
737,15451724,24
738,15451725,24
739,15451726,24
740,15451727,24
741,15451728,24
742,15451729,24
743,15451730,24
744,15451731,24
745,15451732,24
746,15451733,24
747,15451734,24
748,15451735,24
749,15451736,24
750,15451737,24
751,15451738,24
752,15451739,24
753,15451740,24
754,15451741,24
755,15451742,24
756,15451743,24
757,15451744,24
758,15451745,24
759,15451746,24
760,15451747,24
761,15451748,24
762,15451749,24
763,15451750,24
764,15451751,24
765,15451752,24
766,15451753,24
767,15451754,24
768,15451755,24
769,15451756,24
770,15451757,24
771,15451758,24
772,15451759,24
773,15451760,24
774,15451761,24
775,15451762,24
776,15451763,24
777,15451764,24
778,15451765,24
779,15451766,24
780,15451767,24
781,15451768,24
782,15451769,24
783,15451770,24
784,15451771,24
785,15451772,24
786,15451773,24
787,15451774,24
788,15451775,24
789,15451776,24
790,15451777,24
791,15451778,24
792,15451779,24
793,15451780,24
794,15451781,24
795,15451782,24
796,15451783,24
797,15451784,24
798,15451785,24
799,15451786,24
800,15451787,24
801,15451788,24
802,15451789,24
803,15451790,24
804,15451791,24
805,15451792,24
806,15451793,24
807,15451794,24
808,15451795,24
809,15451796,24
810,15451797,24
811,15451798,24
812,15451799,24
813,15451800,24
814,15451801,24
815,15451802,24
816,15451803,24
817,15451804,24
818,15451805,24
819,15451806,24
820,15451807,24
821,15451808,24
822,15451809,24
823,15451810,24
824,15451811,24
825,15451812,24
826,15451813,24
827,15451814,24
828,15451815,24
829,15451816,24
830,15451817,24
831,15451818,24
832,15451819,24
833,15451820,24
834,15451821,24
835,15451822,24
836,15451823,24
837,15451824,24
838,15451825,24
839,15451826,24
840,15451827,24
841,15451828,24
842,15451829,24
843,15451830,24
844,15451831,24
845,15451832,24
846,15451833,24
847,15451834,24
848,15451835,24
849,15451836,24
850,15451837,24
851,15451838,24
852,15451839,24
853,15451840,24
854,15451841,24
855,15451842,24
856,15451843,24
857,15451844,24
858,15451845,24
859,15451846,24
860,15451847,24
861,15451848,24
862,15451849,24
863,15451850,24
864,15451851,24
865,15451852,24
866,15451853,24
867,15451854,24
868,15451855,24
869,15451856,24
870,15451857,24
871,15451858,24
872,15451859,24
873,15451860,24
874,15451861,24
875,15451862,24
876,15451863,24
877,15451864,24
878,15451865,24
879,15451866,24
880,15451867,24
881,15451868,24
882,15451869,24
883,15451870,24
884,15451871,24
885,15451872,24
886,15451873,24
887,15451874,24
888,15451875,24
889,15451876,24
890,15451877,24
891,15451878,24
892,15451879,24
893,15451880,24
894,15451881,24
895,15451882,24
896,15451883,24
897,15451884,24
898,15451885,24
899,15451886,24
900,15451887,24
901,15451888,24
902,15451889,24
903,15451890,24
904,15451891,24
905,15451892,24
906,15451893,24
907,15451894,24
908,15451895,24
909,15451896,24
910,15451897,24
911,15451898,24
912,15451899,24
913,15451900,24
914,15451901,24
915,15451902,24
916,15451903,24
917,15451904,24
918,15451905,24
919,15451906,24
920,15451907,24
921,15451908,24
922,15451909,24
923,15451910,24
924,15451911,24
925,15451912,24
926,15451913,24
927,15451914,24
928,15451915,24
929,15451916,24
930,15451917,24
931,15451918,24
932,15451919,24
933,15451920,24
934,15451921,24
935,15451922,24
936,15451923,24
937,15451924,24
938,15451925,24
939,15451926,24
940,15451927,24
941,15451928,24
942,15451929,24
943,15451930,24
944,15451931,24
945,15451932,24
946,15451933,24
947,15451934,24
948,15451935,24
949,15451936,24
950,15451937,24
951,15451938,24
952,15451939,24
953,15451940,24
954,15451941,24
955,15451942,24
956,15451943,24
957,15451944,24
958,15451945,24
959,15451946,24
960,15451947,24
961,15451948,24
962,15451949,24
963,15451950,24
964,15451951,24
965,15451952,24
966,15451953,24
967,15451954,24
968,15451955,24
969,15451956,24
970,15451957,24
971,15451958,24
972,15451959,24
973,15451960,24
974,15451961,24
975,15451962,24
976,15451963,24
977,15451964,24
978,15451965,24
979,15451966,24
980,15451967,24
981,15451968,24
982,15451969,24
983,15451970,24
984,15451971,24
985,15451972,24
986,15451973,24
987,15451974,24
988,15451975,24
989,15451976,24
990,15451977,24
991,15451978,24
992,15451979,24
993,15451980,24
994,15451981,24
995,15451982,24
996,15451983,24
997,15451984,24
998,15451985,24
999,15451986,24
1000,15451987,24
1001,15451988,24
1002,15451989,24
1003,15451990,24
1004,15451991,24
1005,15451992,24
1006,15451993,24
1007,15451994,24
1008,15451995,24
1009,15451996,24
1010,15451997,24
1011,15451998,24
1012,15451999,24
1013,15452000,24
1014,15452001,24
1015,15452002,24
1016,15452003,24
1017,15452004,24
1018,15452005,24
1019,15452006,24
1020,15452007,24
1021,15452008,24
1022,15452009,24
1023,15452010,24
1024,15452011,24
1025,15452012,24
1026,15452013,24
1027,15452014,24
1028,15452015,24
1029,15452016,24
1030,15452017,24
1031,15452018,24
1032,15452019,24
1033,15452020,24
1034,15452021,24
1035,15452022,24
1036,15452023,24
1037,15452024,24
1038,15452025,24
1039,15452026,24
1040,15452027,24
1041,15452028,24
1042,15452029,24
1043,15452030,24
1044,15452031,24
1045,15452032,24
1046,15452033,24
1047,15452034,24
1048,15452035,24
1049,15452036,24
1050,15452037,24
1051,15452038,24
1052,15452039,24
1053,15452040,24
1054,15452041,24
1055,15452042,24
1056,15452043,24
1057,15452044,24
1058,15452045,24
1059,15452046,24
1060,15452047,24
1061,15452048,24
1062,15452049,24
1063,15452050,24
1064,15452051,24
1065,15452052,24
1066,15452053,24
1067,15452054,24
1068,15452055,24
1069,15452056,24
1070,15452057,24
1071,15452058,24
1072,15452059,24
1073,15452060,24
1074,15452061,24
1075,15452062,24
1076,15452063,24
1077,15452064,24
1078,15452065,24
1079,15452066,24
1080,15452067,24
1081,15452068,24
1082,15452069,24
1083,15452070,24
1084,15452071,24
1085,15452072,24
1086,15452073,24
1087,15452074,24
1088,15452075,24
1089,15452076,24
1090,15452077,24
1091,15452078,24
1092,15452079,24
1093,15452080,24
1094,15452081,24
1095,15452082,24
1096,15452083,24
1097,15452084,24
1098,15452085,24
1099,15452086,24
1100,15452087,24
1101,15452088,24
1102,15452089,24
1103,15452090,24
1104,15452091,24
1105,15452092,24
1106,15452093,24
1107,15452094,24
1108,15452095,24
1109,15452096,24
1110,15452097,24
1111,15452098,24
1112,15452099,24
1113,15452100,24
1114,15452101,24
1115,15452102,24
1116,15452103,24
1117,15452104,24
1118,15452105,24
1119,15452106,24
1120,15452107,24
1121,15452108,24
1122,15452109,24
1123,15452110,24
1124,15452111,24
1125,15452112,24
1126,15452113,24
1127,15452114,24
1128,15452115,24
1129,15452116,24
1130,15452117,24
1131,15452118,24
1132,15452119,24
1133,15452120,24
1134,15452121,24
1135,15452122,24
1136,15452123,24
1137,15452124,24
1138,15452125,24
1139,15452126,24
1140,15452127,24
1141,15452128,24
1142,15452129,24
1143,15452130,24
1144,15452131,24
1145,15452132,24
1146,15452133,24
1147,15452134,24
1148,15452135,24
1149,15452136,24
1150,15452137,24
1151,15452138,24
1152,15452139,24
1153,15452140,24
1154,15452141,24
1155,15452142,24
1156,15452143,24
1157,15452144,24
1158,15452145,24
1159,15452146,24
1160,15452147,24
1161,15452148,24
1162,15452149,24
1163,15452150,24
1164,15452151,24
1165,15452152,24
1166,15452153,24
1167,15452154,24
1168,15452155,24
1169,15452156,24
1170,15452157,24
1171,15452158,24
1172,15452159,24
1173,15452160,24
1174,15452161,24
1175,15452162,24
1176,15452163,24
1177,15452164,24
1178,15452165,24
1179,15452166,24
1180,15452167,24
1181,15452168,24
1182,15452169,24
1183,15452170,24
1184,15452171,24
1185,15452172,24
1186,15452173,24
1187,15452174,24
1188,15452175,24
1189,15452176,24
1190,15452177,24
1191,15452178,24
1192,15452179,24
1193,15452180,24
1194,15452181,24
1195,15452182,24
1196,15452183,24
1197,15452184,24
1198,15452185,24
1199,15452186,24
1200,15452187,24
1201,15452188,24
1202,15452189,24
1203,15452190,24
1204,15452191,24
1205,15452192,24
1206,15452193,24
1207,15452194,24
1208,15452195,24
1209,15452196,24
1210,15452197,24
1211,15452198,24
1212,15452199,24
1213,15452200,24
1214,15452201,24
1215,15452202,24
1216,15452203,24
1217,15452204,24
1218,15452205,24
1219,15452206,24
1220,15452207,24
1221,15452208,24
1222,15452209,24
1223,15452210,24
1224,15452211,24
1225,15452212,24
1226,15452213,24
1227,15452214,24
1228,15452215,24
1229,15452216,24
1230,15452217,24
1231,15452218,24
1232,15452219,24
1233,15452220,24
1234,15452221,24
1235,15452222,24
1236,15452223,24
1237,15452224,24
1238,15452225,24
1239,15452226,24
1240,15452227,24
1241,15452228,24
1242,15452229,24
1243,15452230,24
1244,15452231,24
1245,15452232,24
1246,15452233,24
1247,15452234,24
1248,15452235,24
1249,15452236,24
1250,15452237,24
1251,15452238,24
1252,15452239,24
1253,15452240,24
1254,15452241,24
1255,15452242,24
1256,15452243,24
1257,15452244,24
1258,15452245,24
1259,15452246,24
1260,15452247,24
1261,15452248,24
1262,15452249,24
1263,15452250,24
1264,15452251,24
1265,15452252,24
1266,15452253,24
1267,15452254,24
1268,15452255,24
1269,15452256,24
1270,15452257,24
1271,15452258,24
1272,15452259,24
1273,15452260,24
1274,15452261,24
1275,15452262,24
1276,15452263,24
1277,15452264,24
1278,15452265,24
1279,15452266,24
1280,15452267,24
1281,15452268,24
1282,15452269,24
1283,15452270,24
1284,15452271,24
1285,15452272,24
1286,15452273,24
1287,15452274,24
1288,15452275,24
1289,15452276,24
1290,15452277,24
1291,15452278,24
1292,15452279,24
1293,15452280,24
1294,15452281,24
1295,15452282,24
1296,15452283,24
1297,15452284,24
1298,15452285,24
1299,15452286,24
1300,15452287,24
1301,15452288,24
1302,15452289,24
1303,15452290,24
1304,15452291,24
1305,15452292,24
1306,15452293,24
1307,15452294,24
1308,15452295,24
1309,15452296,24
1310,15452297,24
1311,15452298,24
1312,15452299,24
1313,15452300,24
1314,15452301,24
1315,15452302,24
1316,15452303,24
1317,15452304,24
1318,15452305,24
1319,15452306,24
1320,15452307,24
1321,15452308,24
1322,15452309,24
1323,15452310,24
1324,15452311,24
1325,15452312,24
1326,15452313,24
1327,15452314,24
1328,15452315,24
1329,15452316,24
1330,15452317,24
1331,15452318,24
1332,15452319,24
1333,15452320,24
1334,15452321,24
1335,15452322,24
1336,15452323,24
1337,15452324,24
1338,15452325,24
1339,15452326,24
1340,15452327,24
1341,15452328,24
1342,15452329,24
1343,15452330,24
1344,15452331,24
1345,15452332,24
1346,15452333,24
1347,15452334,24
1348,15452335,24
1349,15452336,24
1350,15452337,24
1351,15452338,24
1352,15452339,24
1353,15452340,24
1354,15452341,24
1355,15452342,24
1356,15452343,24
1357,15452344,24
1358,15452345,24
1359,15452346,24
1360,15452347,24
1361,15452348,24
1362,15452349,24
1363,15452350,24
1364,15452351,24
1365,15452352,24
1366,15452353,24
1367,15452354,24
1368,15452355,24
1369,15452356,24
1370,15452357,24
1371,15452358,24
1372,15452359,24
1373,15452360,24
1374,15452361,24
1375,15452362,24
1376,15452363,24
1377,15452364,24
1378,15452365,24
1379,15452366,24
1380,15452367,24
1381,15452368,24
1382,15452369,24
1383,15452370,24
1384,15452371,24
1385,15452372,24
1386,15452373,24
1387,15452374,24
1388,15452375,24
1389,15452376,24
1390,15452377,24
1391,15452378,24
1392,15452379,24
1393,15452380,24
1394,15452381,24
1395,15452382,24
1396,15452383,24
1397,15452384,24
1398,15452385,24
1399,15452386,24
1400,15452387,24
1401,15452388,24
1402,15452389,24
1403,15452390,24
1404,15452391,24
1405,15452392,24
1406,15452393,24
1407,15452394,24
1408,15452395,24
1409,15452396,24
1410,15452397,24
1411,15452398,24
1412,15452399,24
1413,15452400,24
1414,15452401,24
1415,15452402,24
1416,15452403,24
1417,15452404,24
1418,15452405,24
1419,15452406,24
1420,15452407,24
1421,15452408,24
1422,15452409,24
1423,15452410,24
1424,15452411,24
1425,15452412,24
1426,15452413,24
1427,15452414,24
1428,15452415,24
1429,15452416,24
1430,15452417,24
1431,15452418,24
1432,15452419,24
1433,15452420,24
1434,15452421,24
1435,15452422,24
1436,15452423,24
1437,15452424,24
1438,15452425,24
1439,15452426,24
1440,15452427,24
1441,15452428,24
1442,15452429,24
1443,15452430,24
1444,15452431,24
1445,15452432,24
1446,15452433,24
1447,15452434,24
1448,15452435,24
1449,15452436,24
1450,15452437,24
1451,15452438,24
1452,15452439,24
1453,15452440,24
1454,15452441,24
1455,15452442,24
1456,15452443,24
1457,15452444,24
1458,15452445,18
1459,15452446,19
1460,15452447,20
1461,15452448,21
1462,15452449,22
1463,15452450,23
1464,15452451,24
1465,15452452,25
1466,15452453,26
1467,15452454,27
1468,15452455,28
1469,15452456,29
1470,15452457,30
1471,15452458,1
1472,15452459,2
1473,15452460,3
1474,15452461,4
1475,15452462,5
1476,15452463,6
1477,15452464,7
1478,15452465,8
1479,15452466,9
1480,15452467,10
1481,15452468,11
1482,15452469,12
1483,15452470,13
1484,15452471,14
1485,15452472,15
1486,15452473,16
1487,15452474,17
1488,15452475,18
1489,15452476,19
1490,15452477,20
1491,15452478,21
1492,15452479,22
1493,15452480,23
1494,15452481,24
1495,15452482,25
1496,15452483,26
1497,15452484,27
1498,15452485,28
1499,15452486,29
1500,15452487,30
1501,15452488,1
1502,15452489,2
1503,15452490,3
1504,15452491,4
1505,15452492,5
1506,15452493,6
1507,15452494,7
1508,15452495,8
1509,15452496,9
1510,15452497,10
1511,15452498,11
1512,15452499,12
1513,15452500,13
1514,15452501,14
1515,15452502,15
1516,15452503,16
1517,15452504,17
1518,15452505,18
1519,15452506,19
1520,15452507,20
1521,15452508,21
1522,15452509,22
1523,15452510,23
1524,15452511,24
1525,15452512,25
1526,15452513,26
1527,15452514,27
1528,15452515,28
1529,15452516,29
1530,15452517,30
1531,15452518,1
1532,15452519,2
1533,15452520,3
1534,15452521,4
1535,15452522,5
1536,15452523,6
1537,15452524,7
1538,15452525,8
1539,15452526,9
1540,15452527,10
1541,15452528,11
1542,15452529,12
1543,15452530,13
1544,15452531,14
1545,15452532,15
1546,15452533,16
1547,15452534,17
1548,15452535,18
1549,15452536,19
1550,15452537,20
1551,15452538,21
1552,15452539,22
1553,15452540,23
1554,15452541,24
1555,15452542,25
1556,15452543,26
1557,15452544,27
1558,15452545,28
1559,15452546,29
1560,15452547,30
1561,15452548,1
1562,15452549,2
1563,15452550,3
1564,15452551,4
1565,15452552,5
1566,15452553,6
1567,15452554,7
1568,15452555,8
1569,15452556,9
1570,15452557,10
1571,15452558,11
1572,15452559,12
1573,15452560,13
1574,15452561,14
1575,15452562,15
1576,15452563,16
1577,15452564,17
1578,15452565,18
1579,15452566,19
1580,15452567,20
1581,15452568,21
1582,15452569,22
1583,15452570,23
1584,15452571,24
1585,15452572,25
1586,15452573,26
1587,15452574,27
1588,15452575,28
1589,15452576,29
1590,15452577,30
1591,15452578,1
1592,15452579,2
1593,15452580,3
1594,15452581,4
1595,15452582,5
1596,15452583,6
1597,15452584,7
1598,15452585,8
1599,15452586,9
1600,15452587,10
1601,15452588,11
1602,15452589,12
1603,15452590,13
1604,15452591,14
1605,15452592,15
1606,15452593,16
1607,15452594,17
1608,15452595,18
1609,15452596,19
1610,15452597,20
1611,15452598,21
1612,15452599,22
1613,15452600,23
1614,15452601,24
1615,15452602,25
1616,15452603,26
1617,15452604,27
1618,15452605,28
1619,15452606,29
1620,15452607,30
1621,15452608,1
1622,15452609,2
1623,15452610,3
1624,15452611,4
1625,15452612,5
1626,15452613,6
1627,15452614,7
1628,15452615,8
1629,15452616,9
1630,15452617,10
1631,15452618,11
1632,15452619,12
1633,15452620,13
1634,15452621,14
1635,15452622,15
1636,15452623,16
1637,15452624,17
1638,15452625,18
1639,15452626,19
1640,15452627,20
1641,15452628,21
1642,15452629,22
1643,15452630,23
1644,15452631,24
1645,15452632,25
1646,15452633,26
1647,15452634,27
1648,15452635,28
1649,15452636,29
1650,15452637,30
1651,15452638,1
1652,15452639,2
1653,15452640,3
1654,15452641,4
1655,15452642,5
1656,15452643,6
1657,15452644,7
1658,15452645,8
1659,15452646,9
1660,15452647,10
1661,15452648,11
1662,15452649,12
1663,15452650,13
1664,15452651,14
1665,15452652,15
1666,15452653,16
1667,15452654,17
1668,15452655,18
1669,15452656,19
1670,15452657,20
1671,15452658,21
1672,15452659,22
1673,15452660,23
1674,15452661,24
1675,15452662,25
1676,15452663,26
1677,15452664,27
1678,15452665,28
1679,15452666,29
1680,15452667,30
1681,15452668,1
1682,15452669,2
1683,15452670,3
1684,15452671,4
1685,15452672,5
1686,15452673,6
1687,15452674,7
1688,15452675,8
1689,15452676,9
1690,15452677,10
1691,15452678,11
1692,15452679,12
1693,15452680,13
1694,15452681,14
1695,15452682,15
1696,15452683,16
1697,15452684,17
1698,15452685,18
1699,15452686,19
1700,15452687,20
1701,15452688,21
1702,15452689,22
1703,15452690,23
1704,15452691,24
1705,15452692,25
1706,15452693,26
1707,15452694,27
1708,15452695,28
1709,15452696,29
1710,15452697,30
1711,15452698,1
1712,15452699,2
1713,15452700,3
1714,15452701,22
1715,15452702,22
1716,15452703,22
1717,15452704,22
1718,15452705,22
1719,15452706,22
1720,15452707,22
1721,15452708,22
1722,15452709,22
1723,15452710,22
1724,15452711,22
1725,15452712,22
1726,15452713,22
1727,15452714,22
1728,15452715,22
1729,15452716,22
1730,15452717,22
1731,15452718,22
1732,15452719,22
1733,15452720,22
1734,15452721,22
1735,15452722,22
1736,15452723,22
1737,15452724,22
1738,15452725,22
1739,15452726,22
1740,15452727,22
1741,15452728,22
1742,15452729,22
1743,15452730,22
1744,15452731,22
1745,15452732,22
1746,15452733,22
1747,15452734,22
1748,15452735,22
1749,15452736,22
1750,15452737,22
1751,15452738,22
1752,15452739,22
1753,15452740,22
1754,15452741,22
1755,15452742,22
1756,15452743,22
1757,15452744,22
1758,15452745,22
1759,15452746,22
1760,15452747,22
1761,15452748,22
1762,15452749,22
1763,15452750,22
1764,15452751,22
1765,15452752,22
1766,15452753,22
1767,15452754,22
1768,15452755,22
1769,15452756,22
1770,15452757,22
1771,15452758,22
1772,15452759,22
1773,15452760,22
1774,15452761,22
1775,15452762,22
1776,15452763,22
1777,15452764,22
1778,15452765,22
1779,15452766,22
1780,15452767,22
1781,15452768,22
1782,15452769,22
1783,15452770,22
1784,15452771,22
1785,15452772,22
1786,15452773,22
1787,15452774,22
1788,15452775,22
1789,15452776,22
1790,15452777,22
1791,15452778,22
1792,15452779,22
1793,15452780,22
1794,15452781,22
1795,15452782,22
1796,15452783,22
1797,15452784,22
1798,15452785,22
1799,15452786,22
1800,15452787,22
1801,15452788,22
1802,15452789,22
1803,15452790,22
1804,15452791,22
1805,15452792,22
1806,15452793,22
1807,15452794,22
1808,15452795,22
1809,15452796,22
1810,15452797,22
1811,15452798,22
1812,15452799,22
1813,15452800,22
1814,15452801,22
1815,15452802,22
1816,15452803,22
1817,15452804,22
1818,15452805,22
1819,15452806,22
1820,15452807,22
1821,15452808,22
1822,15452809,22
1823,15452810,22
1824,15452811,22
1825,15452812,22
1826,15452813,22
1827,15452814,22
1828,15452815,22
1829,15452816,22
1830,15452817,22
1831,15452818,22
1832,15452819,22
1833,15452820,22
1834,15452821,22
1835,15452822,22
1836,15452823,22
1837,15452824,22
1838,15452825,22
1839,15452826,22
1840,15452827,22
1841,15452828,22
1842,15452829,22
1843,15452830,22
1844,15452831,22
1845,15452832,22
1846,15452833,22
1847,15452834,22
1848,15452835,22
1849,15452836,22
1850,15452837,22
1851,15452838,22
1852,15452839,22
1853,15452840,22
1854,15452841,22
1855,15452842,22
1856,15452843,22
1857,15452844,22
1858,15452845,22
1859,15452846,22
1860,15452847,22
1861,15452848,22
1862,15452849,22
1863,15452850,22
1864,15452851,22
1865,15452852,22
1866,15452853,22
1867,15452854,22
1868,15452855,22
1869,15452856,22
1870,15452857,22
1871,15452858,22
1872,15452859,22
1873,15452860,22
1874,15452861,22
1875,15452862,22
1876,15452863,22
1877,15452864,22
1878,15452865,22
1879,15452866,22
1880,15452867,22
1881,15452868,22
1882,15452869,22
1883,15452870,22
1884,15452871,22
1885,15452872,22
1886,15452873,22
1887,15452874,22
1888,15452875,22
1889,15452876,22
1890,15452877,22
1891,15452878,22
1892,15452879,22
1893,15452880,22
1894,15452881,22
1895,15452882,22
1896,15452883,22
1897,15452884,22
1898,15452885,22
1899,15452886,22
1900,15452887,22
1901,15452888,22
1902,15452889,22
1903,15452890,22
1904,15452891,22
1905,15452892,22
1906,15452893,22
1907,15452894,22
1908,15452895,22
1909,15452896,22
1910,15452897,22
1911,15452898,22
1912,15452899,22
1913,15452900,22
1914,15452901,22
1915,15452902,22
1916,15452903,22
1917,15452904,22
1918,15452905,22
1919,15452906,22
1920,15452907,22
1921,15452908,22
1922,15452909,22
1923,15452910,22
1924,15452911,22
1925,15452912,22
1926,15452913,22
1927,15452914,22
1928,15452915,22
1929,15452916,22
1930,15452917,22
1931,15452918,22
1932,15452919,22
1933,15452920,22
1934,15452921,22
1935,15452922,22
1936,15452923,22
1937,15452924,22
1938,15452925,22
1939,15452926,22
1940,15452927,22
1941,15452928,22
1942,15452929,22
1943,15452930,22
1944,15452931,22
1945,15452932,22
1946,15452933,22
1947,15452934,22
1948,15452935,22
1949,15452936,22
1950,15452937,22
1951,15452938,22
1952,15452939,22
1953,15452940,22
1954,15452941,22
1955,15452942,22
1956,15452943,22
1957,15452944,22
1958,15452945,22
1959,15452946,22
1960,15452947,22
1961,15452948,22
1962,15452949,22
1963,15452950,22
1964,15452951,22
1965,15452952,22
1966,15452953,22
1967,15452954,22
1968,15452955,22
1969,15452956,22
1970,15452957,22
1971,15452958,22
1972,15452959,22
1973,15452960,22
1974,15452961,22
1975,15452962,22
1976,15452963,22
1977,15452964,22
1978,15452965,22
1979,15452966,22
1980,15452967,22
1981,15452968,22
1982,15452969,22
1983,15452970,22
1984,15452971,22
1985,15452972,22
1986,15452973,22
1987,15452974,22
1988,15452975,22
1989,15452976,22
1990,15452977,22
1991,15452978,22
1992,15452979,22
1993,15452980,22
1994,15452981,22
1995,15452982,22
1996,15452983,22
1997,15452984,22
1998,15452985,22
1999,15452986,22
2000,15452987,22
2001,15452988,22
2002,15452989,22
2003,15452990,22
2004,15452991,22
2005,15452992,22
2006,15452993,22
2007,15452994,22
2008,15452995,22
2009,15452996,22
2010,15452997,22
2011,15452998,22
2012,15452999,22
2013,15453000,22
2014,15453001,22
2015,15453002,22
2016,15453003,22
2017,15453004,22
2018,15453005,22
2019,15453006,22
2020,15453007,22
2021,15453008,22
2022,15453009,22
2023,15453010,22
2024,15453011,22
2025,15453012,22
2026,15453013,22
2027,15453014,22
2028,15453015,22
2029,15453016,22
2030,15453017,22
2031,15453018,22
2032,15453019,22
2033,15453020,22
2034,15453021,22
2035,15453022,22
2036,15453023,22
2037,15453024,22
2038,15453025,22
2039,15453026,22
2040,15453027,22
2041,15453028,22
2042,15453029,22
2043,15453030,22
2044,15453031,22
2045,15453032,22
2046,15453033,22
2047,15453034,22
2048,15453035,22
2049,15453036,22
2050,15453037,22
2051,15453038,22
2052,15453039,22
2053,15453040,22
2054,15453041,22
2055,15453042,22
2056,15453043,22
2057,15453044,22
2058,15453045,22
2059,15453046,22
2060,15453047,22
2061,15453048,22
2062,15453049,22
2063,15453050,22
2064,15453051,22
2065,15453052,22
2066,15453053,22
2067,15453054,22
2068,15453055,22
2069,15453056,22
2070,15453057,22
2071,15453058,22
2072,15453059,22
2073,15453060,22
2074,15453061,22
2075,15453062,22
2076,15453063,22
2077,15453064,22
2078,15453065,22
2079,15453066,22
2080,15453067,22
2081,15453068,22
2082,15453069,22
2083,15453070,22
2084,15453071,22
2085,15453072,22
2086,15453073,22
2087,15453074,22
2088,15453075,22
2089,15453076,22
2090,15453077,22
2091,15453078,22
2092,15453079,22
2093,15453080,22
2094,15453081,22
2095,15453082,22
2096,15453083,22
2097,15453084,22
2098,15453085,22
2099,15453086,22
2100,15453087,22
2101,15453088,22
2102,15453089,22
2103,15453090,22
2104,15453091,22
2105,15453092,22
2106,15453093,22
2107,15453094,22
2108,15453095,22
2109,15453096,22
2110,15453097,22
2111,15453098,22
2112,15453099,22
2113,15453100,22
2114,15453101,22
2115,15453102,22
2116,15453103,22
2117,15453104,22
2118,15453105,22
2119,15453106,22
2120,15453107,22
2121,15453108,22
2122,15453109,22
2123,15453110,22
2124,15453111,22
2125,15453112,22
2126,15453113,22
2127,15453114,22
2128,15453115,22
2129,15453116,22
2130,15453117,22
2131,15453118,22
2132,15453119,22
2133,15453120,22
2134,15453121,22
2135,15453122,22
2136,15453123,22
2137,15453124,22
2138,15453125,22
2139,15453126,22
2140,15453127,22
2141,15453128,22
2142,15453129,22
2143,15453130,22
2144,15453131,22
2145,15453132,22
2146,15453133,22
2147,15453134,22
2148,15453135,22
2149,15453136,22
2150,15453137,22
2151,15453138,22
2152,15453139,22
2153,15453140,22
2154,15453141,22
2155,15453142,22
2156,15453143,22
2157,15453144,22
2158,15453145,22
2159,15453146,22
2160,15453147,22
2161,15453148,22
2162,15453149,22
2163,15453150,22
2164,15453151,22
2165,15453152,22
2166,15453153,22
2167,15453154,22
2168,15453155,22
2169,15453156,22
2170,15453157,22
2171,15453158,22
2172,15453159,22
2173,15453160,22
2174,15453161,22
2175,15453162,22
2176,15453163,22
2177,15453164,22
2178,15453165,22
2179,15453166,22
2180,15453167,22
2181,15453168,22
2182,15453169,22
2183,15453170,22
2184,15453171,22
2185,15453172,22
2186,15453173,22
2187,15453174,22
2188,15453175,22
2189,15453176,22
2190,15453177,22
2191,15453178,22
2192,15453179,22
2193,15453180,22
2194,15453181,22
2195,15453182,22
2196,15453183,22
2197,15453184,22
2198,15453185,22
2199,15453186,22
2200,15453187,22
2201,15453188,22
2202,15453189,22
2203,15453190,22
2204,15453191,22
2205,15453192,22
2206,15453193,22
2207,15453194,22
2208,15453195,22
2209,15453196,22
2210,15453197,22
2211,15453198,22
2212,15453199,22
2213,15453200,22
2214,15453201,22
2215,15453202,22
2216,15453203,22
2217,15453204,22
2218,15453205,22
2219,15453206,22
2220,15453207,22
2221,15453208,22
2222,15453209,22
2223,15453210,22
2224,15453211,22
2225,15453212,22
2226,15453213,22
2227,15453214,22
2228,15453215,22
2229,15453216,22
2230,15453217,22
2231,15453218,22
2232,15453219,22
2233,15453220,22
2234,15453221,22
2235,15453222,22
2236,15453223,22
2237,15453224,22
2238,15453225,22
2239,15453226,22
2240,15453227,22
2241,15453228,22
2242,15453229,22
2243,15453230,22
2244,15453231,22
2245,15453232,22
2246,15453233,22
2247,15453234,22
2248,15453235,22
2249,15453236,22
2250,15453237,22
2251,15453238,22
2252,15453239,22
2253,15453240,22
2254,15453241,22
2255,15453242,22
2256,15453243,22
2257,15453244,22
2258,15453245,22
2259,15453246,22
2260,15453247,22
2261,15453248,22
2262,15453249,22
2263,15453250,22
2264,15453251,22
2265,15453252,22
2266,15453253,22
2267,15453254,22
2268,15453255,22
2269,15453256,22
2270,15453257,22
2271,15453258,22
2272,15453259,22
2273,15453260,22
2274,15453261,22
2275,15453262,22
2276,15453263,22
2277,15453264,22
2278,15453265,22
2279,15453266,22
2280,15453267,22
2281,15453268,22
2282,15453269,22
2283,15453270,22
2284,15453271,22
2285,15453272,22
2286,15453273,22
2287,15453274,22
2288,15453275,22
2289,15453276,22
2290,15453277,22
2291,15453278,22
2292,15453279,22
2293,15453280,22
2294,15453281,22
2295,15453282,22
2296,15453283,22
2297,15453284,22
2298,15453285,22
2299,15453286,22
2300,15453287,22
2301,15453288,22
2302,15453289,22
2303,15453290,22
2304,15453291,22
2305,15453292,22
2306,15453293,22
2307,15453294,22
2308,15453295,22
2309,15453296,22
2310,15453297,22
2311,15453298,22
2312,15453299,22
2313,15453300,22
2314,15453301,22
2315,15453302,22
2316,15453303,22
2317,15453304,22
2318,15453305,22
2319,15453306,22
2320,15453307,22
2321,15453308,22
2322,15453309,22
2323,15453310,22
2324,15453311,22
2325,15453312,22
2326,15453313,22
2327,15453314,22
2328,15453315,22
2329,15453316,22
2330,15453317,22
2331,15453318,22
2332,15453319,22
2333,15453320,22
2334,15453321,22
2335,15453322,22
2336,15453323,22
2337,15453324,22
2338,15453325,22
2339,15453326,22
2340,15453327,22
2341,15453328,22
2342,15453329,22
2343,15453330,22
2344,15453331,22
2345,15453332,22
2346,15453333,22
2347,15453334,22
2348,15453335,22
2349,15453336,22
2350,15453337,22
2351,15453338,22
2352,15453339,22
2353,15453340,22
2354,15453341,22
2355,15453342,22
2356,15453343,22
2357,15453344,22
2358,15453345,22
2359,15453346,22
2360,15453347,22
2361,15453348,22
2362,15453349,22
2363,15453350,22
2364,15453351,22
2365,15453352,22
2366,15453353,22
2367,15453354,22
2368,15453355,22
2369,15453356,22
2370,15453357,22
2371,15453358,22
2372,15453359,22
2373,15453360,22
2374,15453361,22
2375,15453362,22
2376,15453363,22
2377,15453364,22
2378,15453365,22
2379,15453366,22
2380,15453367,22
2381,15453368,22
2382,15453369,22
2383,15453370,22
2384,15453371,22
2385,15453372,22
2386,15453373,22
2387,15453374,22
2388,15453375,22
2389,15453376,22
2390,15453377,22
2391,15453378,22
2392,15453379,22
2393,15453380,22
2394,15453381,22
2395,15453382,22
2396,15453383,22
2397,15453384,22
2398,15453385,22
2399,15453386,22
2400,15453387,22
2401,15453388,22
2402,15453389,22
2403,15453390,22
2404,15453391,22
2405,15453392,22
2406,15453393,22
2407,15453394,22
2408,15453395,22
2409,15453396,22
2410,15453397,22
2411,15453398,22
2412,15453399,22
2413,15453400,22
2414,15453401,22
2415,15453402,22
2416,15453403,22
2417,15453404,22
2418,15453405,22
2419,15453406,22
2420,15453407,22
2421,15453408,22
2422,15453409,22
2423,15453410,22
2424,15453411,22
2425,15453412,22
2426,15453413,22
2427,15453414,22
2428,15453415,22
2429,15453416,22
2430,15453417,22
2431,15453418,22
2432,15453419,22
2433,15453420,22
2434,15453421,22
2435,15453422,22
2436,15453423,22
2437,15453424,22
2438,15453425,22
2439,15453426,22
2440,15453427,22
2441,15453428,22
2442,15453429,22
2443,15453430,22
2444,15453431,22
2445,15453432,22
2446,15453433,22
2447,15453434,22
2448,15453435,22
2449,15453436,22
2450,15453437,22
2451,15453438,22
2452,15453439,22
2453,15453440,22
2454,15453441,22
2455,15453442,22
2456,15453443,22
2457,15453444,22
2458,15453445,22
2459,15453446,22
2460,15453447,22
2461,15453448,22
2462,15453449,22
2463,15453450,22
2464,15453451,22
2465,15453452,22
2466,15453453,22
2467,15453454,22
2468,15453455,22
2469,15453456,22
2470,15453457,22
2471,15453458,22
2472,15453459,22
2473,15453460,22
2474,15453461,22
2475,15453462,22
2476,15453463,22
2477,15453464,22
2478,15453465,22
2479,15453466,22
2480,15453467,22
2481,15453468,22
2482,15453469,22
2483,15453470,22
2484,15453471,22
2485,15453472,22
2486,15453473,22
2487,15453474,22
2488,15453475,22
2489,15453476,22
2490,15453477,22
2491,15453478,22
2492,15453479,22
2493,15453480,22
2494,15453481,22
2495,15453482,22
2496,15453483,22
2497,15453484,22
2498,15453485,22
2499,15453486,22
2500,15453487,22
2501,15453488,22
2502,15453489,22
2503,15453490,22
2504,15453491,22
2505,15453492,22
2506,15453493,22
2507,15453494,22
2508,15453495,22
2509,15453496,22
2510,15453497,22
2511,15453498,22
2512,15453499,22
2513,15453500,22
2514,15453501,22
2515,15453502,22
2516,15453503,22
2517,15453504,22
2518,15453505,22
2519,15453506,22
2520,15453507,22
2521,15453508,22
2522,15453509,22
2523,15453510,22
2524,15453511,22
2525,15453512,22
2526,15453513,22
2527,15453514,22
2528,15453515,22
2529,15453516,22
2530,15453517,22
2531,15453518,22
2532,15453519,22
2533,15453520,22
2534,15453521,22
2535,15453522,22
2536,15453523,22
2537,15453524,22
2538,15453525,22
2539,15453526,22
2540,15453527,22
2541,15453528,22
2542,15453529,22
2543,15453530,22
2544,15453531,22
2545,15453532,22
2546,15453533,22
2547,15453534,22
2548,15453535,22
2549,15453536,22
2550,15453537,22
2551,15453538,22
2552,15453539,22
2553,15453540,22
2554,15453541,22
2555,15453542,22
2556,15453543,22
2557,15453544,22
2558,15453545,22
2559,15453546,22
2560,15453547,22
2561,15453548,22
2562,15453549,22
2563,15453550,22
2564,15453551,22
2565,15453552,22
2566,15453553,22
2567,15453554,22
2568,15453555,22
2569,15453556,22
2570,15453557,22
2571,15453558,22
2572,15453559,22
2573,15453560,22
2574,15453561,22
2575,15453562,22
2576,15453563,22
2577,15453564,22
2578,15453565,22
2579,15453566,22
2580,15453567,22
2581,15453568,22
2582,15453569,22
2583,15453570,22
2584,15453571,22
2585,15453572,22
2586,15453573,22
2587,15453574,22
2588,15453575,22
2589,15453576,22
2590,15453577,22
2591,15453578,22
2592,15453579,22
2593,15453580,22
2594,15453581,22
2595,15453582,22
2596,15453583,22
2597,15453584,22
2598,15453585,22
2599,15453586,22
2600,15453587,22
2601,15453588,22
2602,15453589,22
2603,15453590,22
2604,15453591,22
2605,15453592,22
2606,15453593,22
2607,15453594,22
2608,15453595,22
2609,15453596,22
2610,15453597,22
2611,15453598,22
2612,15453599,22
2613,15453600,22
2614,15453601,22
2615,15453602,22
2616,15453603,22
2617,15453604,22
2618,15453605,22
2619,15453606,22
2620,15453607,22
2621,15453608,22
2622,15453609,22
2623,15453610,22
2624,15453611,22
2625,15453612,22
2626,15453613,22
2627,15453614,22
2628,15453615,22
2629,15453616,22
2630,15453617,22
2631,15453618,22
2632,15453619,22
2633,15453620,22
2634,15453621,22
2635,15453622,22
2636,15453623,22
2637,15453624,22
2638,15453625,22
2639,15453626,22
2640,15453627,22
2641,15453628,22
2642,15453629,22
2643,15453630,22
2644,15453631,22
2645,15453632,22
2646,15453633,22
2647,15453634,22
2648,15453635,22
2649,15453636,22
2650,15453637,22
2651,15453638,22
2652,15453639,22
2653,15453640,22
2654,15453641,22
2655,15453642,22
2656,15453643,22
2657,15453644,22
2658,15453645,22
2659,15453646,22
2660,15453647,22
2661,15453648,22
2662,15453649,22
2663,15453650,22
2664,15453651,22
2665,15453652,22
2666,15453653,22
2667,15453654,22
2668,15453655,22
2669,15453656,22
2670,15453657,22
2671,15453658,22
2672,15453659,22
2673,15453660,22
2674,15453661,22
2675,15453662,22
2676,15453663,22
2677,15453664,22
2678,15453665,22
2679,15453666,22
2680,15453667,22
2681,15453668,22
2682,15453669,22
2683,15453670,22
2684,15453671,22
2685,15453672,22
2686,15453673,22
2687,15453674,22
2688,15453675,22
2689,15453676,22
2690,15453677,22
2691,15453678,22
2692,15453679,22
2693,15453680,22
2694,15453681,22
2695,15453682,22
2696,15453683,22
2697,15453684,22
2698,15453685,22
2699,15453686,22
2700,15453687,22
2701,15453688,22
2702,15453689,22
2703,15453690,22
2704,15453691,22
2705,15453692,22
2706,15453693,22
2707,15453694,22
2708,15453695,22
2709,15453696,22
2710,15453697,22
2711,15453698,22
2712,15453699,22
2713,15453700,22
2714,15453701,22
2715,15453702,22
2716,15453703,22
2717,15453704,22
2718,15453705,22
2719,15453706,22
2720,15453707,22
2721,15453708,22
2722,15453709,22
2723,15453710,22
2724,15453711,22
2725,15453712,22
2726,15453713,22
2727,15453714,22
2728,15453715,22
2729,15453716,22
2730,15453717,22
2731,15453718,22
2732,15453719,22
2733,15453720,22
2734,15453721,22
2735,15453722,22
2736,15453723,22
2737,15453724,22
2738,15453725,22
2739,15453726,22
2740,15453727,22
2741,15453728,22
2742,15453729,22
2743,15453730,22
2744,15453731,22
2745,15453732,22
2746,15453733,22
2747,15453734,22
2748,15453735,22
2749,15453736,22
2750,15453737,22
2751,15453738,22
2752,15453739,22
2753,15453740,22
2754,15453741,22
2755,15453742,22
2756,15453743,22
2757,15453744,22
2758,15453745,22
2759,15453746,22
2760,15453747,22
2761,15453748,22
2762,15453749,22
2763,15453750,22
2764,15453751,22
2765,15453752,22
2766,15453753,22
2767,15453754,22
2768,15453755,22
2769,15453756,22
2770,15453757,22
2771,15453758,22
2772,15453759,22
2773,15453760,22
2774,15453761,22
2775,15453762,22
2776,15453763,22
2777,15453764,22
2778,15453765,22
2779,15453766,22
2780,15453767,22
2781,15453768,22
2782,15453769,22
2783,15453770,22
2784,15453771,22
2785,15453772,22
2786,15453773,22
2787,15453774,22
2788,15453775,22
2789,15453776,22
2790,15453777,22
2791,15453778,22
2792,15453779,22
2793,15453780,22
2794,15453781,22
2795,15453782,22
2796,15453783,22
2797,15453784,22
2798,15453785,22
2799,15453786,22
2800,15453787,22
2801,15453788,22
2802,15453789,22
2803,15453790,22
2804,15453791,22
2805,15453792,22
2806,15453793,22
2807,15453794,22
2808,15453795,22
2809,15453796,22
2810,15453797,22
2811,15453798,22
2812,15453799,22
2813,15453800,22
2814,15453801,22
2815,15453802,22
2816,15453803,22
2817,15453804,22
2818,15453805,22
2819,15453806,22
2820,15453807,22
2821,15453808,22
2822,15453809,22
2823,15453810,22
2824,15453811,22
2825,15453812,22
2826,15453813,22
2827,15453814,22
2828,15453815,22
2829,15453816,22
2830,15453817,22
2831,15453818,22
2832,15453819,22
2833,15453820,22
2834,15453821,22
2835,15453822,22
2836,15453823,22
2837,15453824,22
2838,15453825,22
2839,15453826,22
2840,15453827,22
2841,15453828,22
2842,15453829,22
2843,15453830,22
2844,15453831,22
2845,15453832,22
2846,15453833,22
2847,15453834,22
2848,15453835,22
2849,15453836,22
2850,15453837,22
2851,15453838,22
2852,15453839,22
2853,15453840,22
2854,15453841,22
2855,15453842,22
2856,15453843,22
2857,15453844,22
2858,15453845,22
2859,15453846,22
2860,15453847,22
2861,15453848,22
2862,15453849,22
2863,15453850,22
2864,15453851,22
2865,15453852,22
2866,15453853,22
2867,15453854,22
2868,15453855,22
2869,15453856,22
2870,15453857,22
2871,15453858,22
2872,15453859,22
2873,15453860,22
2874,15453861,22
2875,15453862,22
2876,15453863,22
2877,15453864,22
2878,15453865,22
2879,15453866,22
2880,15453867,22
2881,15453868,22
2882,15453869,22
2883,15453870,22
2884,15453871,22
2885,15453872,22
2886,15453873,22
2887,15453874,22
2888,15453875,22
2889,15453876,22
2890,15453877,22
2891,15453878,22
2892,15453879,22
2893,15453880,22
2894,15453881,22
2895,15453882,22
2896,15453883,22
2897,15453884,22
2898,15453885,22
2899,15453886,22
2900,15453887,22
2901,15453888,22
2902,15453889,22
2903,15453890,22
2904,15453891,22
2905,15453892,22
2906,15453893,22
2907,15453894,22
2908,15453895,22
2909,15453896,22
2910,15453897,22
2911,15453898,22
2912,15453899,22
2913,15453900,22
2914,15453901,22
2915,15453902,22
2916,15453903,22
2917,15453904,22
2918,15453905,22
2919,15453906,22
2920,15453907,22
2921,15453908,22
2922,15453909,22
2923,15453910,22
2924,15453911,22
2925,15453912,22
2926,15453913,22
2927,15453914,22
2928,15453915,22
2929,15453916,22
2930,15453917,22
2931,15453918,22
2932,15453919,22
2933,15453920,22
2934,15453921,22
2935,15453922,22
2936,15453923,22
2937,15453924,22
2938,15453925,22
2939,15453926,22
2940,15453927,22
2941,15453928,22
2942,15453929,22
2943,15453930,22
2944,15453931,22
2945,15453932,22
2946,15453933,22
2947,15453934,22
2948,15453935,22
2949,15453936,22
2950,15453937,22
2951,15453938,22
2952,15453939,22
2953,15453940,22
2954,15453941,22
2955,15453942,22
2956,15453943,22
2957,15453944,22
2958,15453945,22
2959,15453946,22
2960,15453947,22
2961,15453948,22
2962,15453949,22
2963,15453950,22
2964,15453951,22
2965,15453952,22
2966,15453953,22
2967,15453954,22
2968,15453955,22
2969,15453956,22
2970,15453957,22
2971,15453958,22
2972,15453959,22
2973,15453960,22
2974,15453961,22
2975,15453962,22
2976,15453963,22
2977,15453964,22
2978,15453965,22
2979,15453966,22
2980,15453967,22
2981,15453968,22
2982,15453969,22
2983,15453970,22
2984,15453971,22
2985,15453972,22
2986,15453973,22
2987,15453974,22
2988,15453975,22
2989,15453976,22
2990,15453977,22
2991,15453978,22
2992,15453979,22
2993,15453980,22
2994,15453981,22
2995,15453982,22
2996,15453983,22
2997,15453984,22
2998,15453985,22
2999,15453986,22
3000,15453987,22
3001,15453988,22
3002,15453989,22
3003,15453990,22
3004,15453991,22
3005,15453992,22
3006,15453993,22
3007,15453994,22
3008,15453995,22
3009,15453996,22
3010,15453997,22
3011,15453998,22
3012,15453999,22
3013,15454000,22
3014,15454001,22
3015,15454002,22
3016,15454003,22
3017,15454004,22
3018,15454005,22
3019,15454006,22
3020,15454007,22
3021,15454008,22
3022,15454009,22
3023,15454010,22
3024,15454011,22
3025,15454012,22
3026,15454013,22
3027,15454014,22
3028,15454015,22
3029,15454016,22
3030,15454017,22
3031,15454018,22
3032,15454019,22
3033,15454020,22
3034,15454021,22
3035,15454022,22
3036,15454023,22
3037,15454024,7
3038,15454025,7
3039,15454026,7
3040,15454027,7
3041,15454028,7
3042,15454029,7
3043,15454030,7
3044,15454031,7
3045,15454032,7
3046,15454033,7
3047,15454034,7
3048,15454035,7
3049,15454036,7
3050,15454037,7
3051,15454038,7
3052,15454039,7
3053,15454040,7
3054,15454041,7
3055,15454042,7
3056,15454043,7
3057,15454044,7
3058,15454045,7
3059,15454046,7
3060,15454047,7
3061,15454048,7
3062,15454049,7
3063,15454050,7
3064,15454051,7
3065,15454052,7
3066,15454053,7
3067,15454054,7
3068,15454055,7
3069,15454056,7
3070,15454057,7
3071,15454058,7
3072,15454059,7
3073,15454060,7
3074,15454061,7
3075,15454062,7
3076,15454063,7
3077,15454064,7
3078,15454065,7
3079,15454066,7
3080,15454067,7
3081,15454068,7
3082,15454069,7
3083,15454070,7
3084,15454071,7
3085,15454072,7
3086,15454073,7
3087,15454074,7
3088,15454075,28
3089,15454076,29
3090,15454077,30
3091,15454078,1
3092,15454079,2
3093,15454080,3
3094,15454081,4
3095,15454082,5
3096,15454083,6
3097,15454084,7
3098,15454085,8
3099,15454086,9
3100,15454087,10
3101,15454088,11
3102,15454089,12
3103,15454090,13
3104,15454091,14
3105,15454092,15
3106,15454093,16
3107,15454094,17
3108,15454095,18
3109,15454096,19
3110,15454097,20
3111,15454098,21
3112,15454099,22
3113,15454100,23
3114,15454101,24
3115,15454102,25
3116,15454103,26
3117,15454104,27
3118,15454105,28
3119,15454106,29
3120,15454107,30
3121,15454108,1
3122,15454109,2
3123,15454110,3
3124,15454111,4
3125,15454112,5
3126,15454113,6
3127,15454114,7
3128,15454115,8
3129,15454116,9
3130,15454117,10
3131,15454118,11
3132,15454119,12
3133,15454120,13
3134,15454121,14
3135,15454122,15
3136,15454123,16
3137,15454124,17
3138,15454125,18
3139,15454126,19
3140,15454127,20
3141,15454128,21
3142,15454129,22
3143,15454130,23
3144,15454131,24
3145,15454132,25
3146,15454133,26
3147,15454134,27
3148,15454135,28
3149,15454136,29
3150,15454137,30
3151,15454138,1
3152,15454139,2
3153,15454140,3
3154,15454141,4
3155,15454142,5
3156,15454143,6
3157,15454144,7
3158,15454145,8
3159,15454146,9
3160,15454147,10
3161,15454148,11
3162,15454149,12
3163,15454150,13
3164,15454151,14
3165,15454152,15
3166,15454153,16
3167,15454154,17
3168,15454155,18
3169,15454156,19
3170,15454157,20
3171,15454158,21
3172,15454159,22
3173,15454160,23
3174,15454161,24
3175,15454162,25
3176,15454163,26
3177,15454164,27
3178,15454165,28
3179,15454166,29
3180,15454167,30
3181,15454168,1
3182,15454169,2
3183,15454170,3
3184,15454171,4
3185,15454172,5
3186,15454173,6
3187,15454174,7
3188,15454175,8
3189,15454176,9
3190,15454177,9
3191,15454178,9
3192,15454179,9
3193,15454180,9
3194,15454181,9
3195,15454182,9
3196,15454183,9
3197,15454184,9
3198,15454185,9
3199,15454186,9
3200,15454187,9
3201,15454188,9
3202,15454189,9
3203,15454190,9
3204,15454191,9
3205,15454192,9
3206,15454193,9
3207,15454194,9
3208,15454195,9
3209,15454196,9
3210,15454197,9
3211,15454198,9
3212,15454199,9
3213,15454200,9
3214,15454201,4
3215,15454202,5
3216,15454203,6
3217,15454204,7
3218,15454205,8
3219,15454206,9
3220,15454207,10
3221,15454208,11
3222,15454209,12
3223,15454210,13
3224,15454211,14
3225,15454212,14
3226,15454213,14
3227,15454214,14
3228,15454215,14
3229,15454216,14
3230,15454217,14
3231,15454218,14
3232,15454219,14
3233,15454220,14
3234,15454221,14
3235,15454222,14
3236,15454223,14
3237,15454224,14
3238,15454225,14
3239,15454226,14
3240,15454227,14
3241,15454228,14
3242,15454229,14
3243,15454230,14
3244,15454231,14
3245,15454232,14
3246,15454233,14
3247,15454234,14
3248,15454235,14
3249,15454236,14
3250,15454237,14
3251,15454238,14
3252,15454239,14
3253,15454240,14
3254,15454241,14
3255,15454242,14
3256,15454243,14
3257,15454244,14
3258,15454245,14
3259,15454246,14
3260,15454247,14
3261,15454248,14
3262,15454249,14
3263,15454250,14
3264,15454251,14
3265,15454252,14
3266,15454253,14
3267,15454254,14
3268,15454255,14
3269,15454256,14
3270,15454257,14
3271,15454258,14
3272,15454259,14
3273,15454260,14
3274,15454261,14
3275,15454262,14
3276,15454263,14
3277,15454264,14
3278,15454265,14
3279,15454266,14
3280,15454267,14
3281,15454268,14
3282,15454269,14
3283,15454270,14
3284,15454271,14
3285,15454272,14
3286,15454273,14
3287,15454274,14
3288,15454275,14
3289,15454276,14
3290,15454277,14
3291,15454278,14
3292,15454279,14
3293,15454280,14
3294,15454281,14
3295,15454282,14
3296,15454283,14
3297,15454284,14
3298,15454285,14
3299,15454286,14
3300,15454287,14
3301,15454288,14
3302,15454289,14
3303,15454290,14
3304,15454291,14
3305,15454292,14
3306,15454293,14
3307,15454294,14
3308,15454295,14
3309,15454296,14
3310,15454297,14
3311,15454298,14
3312,15454299,14
3313,15454300,14
3314,15454301,14
3315,15454302,14
3316,15454303,14
3317,15454304,14
3318,15454305,14
3319,15454306,14
3320,15454307,14
3321,15454308,14
3322,15454309,14
3323,15454310,14
3324,15454311,14
3325,15454312,14
3326,15454313,14
3327,15454314,14
3328,15454315,14
3329,15454316,14
3330,15454317,14
3331,15454318,14
3332,15454319,14
3333,15454320,14
3334,15454321,14
3335,15454322,14
3336,15454323,14
3337,15454324,14
3338,15454325,14
3339,15454326,14
3340,15454327,14
3341,15454328,14
3342,15454329,14
3343,15454330,14
3344,15454331,14
3345,15454332,14
3346,15454333,14
3347,15454334,14
3348,15454335,14
3349,15454336,14
3350,15454337,14
3351,15454338,14
3352,15454339,14
3353,15454340,14
3354,15454341,14
3355,15454342,14
3356,15454343,14
3357,15454344,14
3358,15454345,14
3359,15454346,14
3360,15454347,14
3361,15454348,14
3362,15454349,2
3363,15454350,3
3364,15454351,4
3365,15454352,5
3366,15454353,6
3367,15454354,7
3368,15454355,8
3369,15454356,9
3370,15454357,10
3371,15454358,11
3372,15454359,12
3373,15454360,13
3374,15454361,14
3375,15454362,15
3376,15454363,16
3377,15454364,17
3378,15454365,18
3379,15454366,19
3380,15454367,20
3381,15454368,21
3382,15454369,22
3383,15454370,23
3384,15454371,24
3385,15454372,25
3386,15454373,26
3387,15454374,27
3388,15454375,28
3389,15454376,29
3390,15454377,30
3391,15454378,1
3392,15454379,2
3393,15454380,3
3394,15454381,4
3395,15454382,5
3396,15454383,6
3397,15454384,7
3398,15454385,8
3399,15454386,9
3400,15454387,10
3401,15454388,11
3402,15454389,12
3403,15454390,13
3404,15454391,14
3405,15454392,15
3406,15454393,16
3407,15454394,17
3408,15454395,18
3409,15454396,19
3410,15454397,20
3411,15454398,21
3412,15454399,22
3413,15454400,23
3414,15454401,24
3415,15454402,25
3416,15454403,26
3417,15454404,27
3418,15454405,28
3419,15454406,29
3420,15454407,30
3421,15454408,1
3422,15454409,2
3423,15454410,3
3424,15454411,4
3425,15454412,5
3426,15454413,6
3427,15454414,7
3428,15454415,8
3429,15454416,9
3430,15454417,10
3431,15454418,11
3432,15454419,12
3433,15454420,13
3434,15454421,14
3435,15454422,15
3436,15454423,16
3437,15454424,17
3438,15454425,18
3439,15454426,19
3440,15454427,20
3441,15454428,21
3442,15454429,22
3443,15454430,23
3444,15454431,24
3445,15454432,25
3446,15454433,26
3447,15454434,27
3448,15454435,28
3449,15454436,29
3450,15454437,30
3451,15454438,1
3452,15454439,2
3453,15454440,3
3454,15454441,4
3455,15454442,5
3456,15454443,6
3457,15454444,7
3458,15454445,8
3459,15454446,9
3460,15454447,10
3461,15454448,11
3462,15454449,12
3463,15454450,13
3464,15454451,14
3465,15454452,15
3466,15454453,16
3467,15454454,17
3468,15454455,18
3469,15454456,19
3470,15454457,20
3471,15454458,21
3472,15454459,22
3473,15454460,23
3474,15454461,24
3475,15454462,25
3476,15454463,26
3477,15454464,27
3478,15454465,28
3479,15454466,29
3480,15454467,30
3481,15454468,1
3482,15454469,2
3483,15454470,3
3484,15454471,4
3485,15454472,5
3486,15454473,6
3487,15454474,7
3488,15454475,8
3489,15454476,9
3490,15454477,10
3491,15454478,11
3492,15454479,12
3493,15454480,13
3494,15454481,14
3495,15454482,15
3496,15454483,16
3497,15454484,17
3498,15454485,18
3499,15454486,19
3500,15454487,20
3501,15454488,21
3502,15454489,22
3503,15454490,23
3504,15454491,24
3505,15454492,25
3506,15454493,26
3507,15454494,27
3508,15454495,28
3509,15454496,29
3510,15454497,30
3511,15454498,1
3512,15454499,2
3513,15454500,3
3514,15454501,4
3515,15454502,5
3516,15454503,6
3517,15454504,7
3518,15454505,8
3519,15454506,9
3520,15454507,10
3521,15454508,11
3522,15454509,12
3523,15454510,13
3524,15454511,14
3525,15454512,15
3526,15454513,16
3527,15454514,17
3528,15454515,18
3529,15454516,19
3530,15454517,20
3531,15454518,21
3532,15454519,22
3533,15454520,23
3534,15454521,24
3535,15454522,25
3536,15454523,26
3537,15454524,27
3538,15454525,28
3539,15454526,29
3540,15454527,30
3541,15454528,1
3542,15454529,2
3543,15454530,3
3544,15454531,4
3545,15454532,5
3546,15454533,6
3547,15454534,7
3548,15454535,8
3549,15454536,9
3550,15454537,10
3551,15454538,11
3552,15454539,12
3553,15454540,13
3554,15454541,14
3555,15454542,15
3556,15454543,16
3557,15454544,17
3558,15454545,18
3559,15454546,19
3560,15454547,20
3561,15454548,21
3562,15454549,22
3563,15454550,23
3564,15454551,24
3565,15454552,25
3566,15454553,26
3567,15454554,27
3568,15454555,28
3569,15454556,29
3570,15454557,30
3571,15454558,1
3572,15454559,2
3573,15454560,3
3574,15454561,4
3575,15454562,5
3576,15454563,6
3577,15454564,7
3578,15454565,8
3579,15454566,9
3580,15454567,10
3581,15454568,11
3582,15454569,12
3583,15454570,13
3584,15454571,14
3585,15454572,15
3586,15454573,16
3587,15454574,17
3588,15454575,18
3589,15454576,19
3590,15454577,20
3591,15454578,21
3592,15454579,22
3593,15454580,23
3594,15454581,24
3595,15454582,25
3596,15454583,26
3597,15454584,27
3598,15454585,28
3599,15454586,29
3600,15454587,30
3601,15454588,1
3602,15454589,2
3603,15454590,3
3604,15454591,4
3605,15454592,5
3606,15454593,6
3607,15454594,7
3608,15454595,8
3609,15454596,9
3610,15454597,10
3611,15454598,11
3612,15454599,12
3613,15454600,13
3614,15454601,14
3615,15454602,15
3616,15454603,16
3617,15454604,17
3618,15454605,18
3619,15454606,19
3620,15454607,20
3621,15454608,21
3622,15454609,22
3623,15454610,23
3624,15454611,24
3625,15454612,25
3626,15454613,26
3627,15454614,27
3628,15454615,28
3629,15454616,29
3630,15454617,30
3631,15454618,1
3632,15454619,2
3633,15454620,3
3634,15454621,4
3635,15454622,5
3636,15454623,6
3637,15454624,7
3638,15454625,8
3639,15454626,9
3640,15454627,10
3641,15454628,11
3642,15454629,12
3643,15454630,13
3644,15454631,14
3645,15454632,15
3646,15454633,16
3647,15454634,17
3648,15454635,18
3649,15454636,19
3650,15454637,20
3651,15454638,21
3652,15454639,22
3653,15454640,23
3654,15454641,24
3655,15454642,25
3656,15454643,26
3657,15454644,27
3658,15454645,28
3659,15454646,29
3660,15454647,30
3661,15454648,1
3662,15454649,2
3663,15454650,3
3664,15454651,4
3665,15454652,5
3666,15454653,6
3667,15454654,7
3668,15454655,8
3669,15454656,9
3670,15454657,10
3671,15454658,11
3672,15454659,12
3673,15454660,13
3674,15454661,14
3675,15454662,15
3676,15454663,16
3677,15454664,17
3678,15454665,18
3679,15454666,19
3680,15454667,20
3681,15454668,21
3682,15454669,22
3683,15454670,23
3684,15454671,24
3685,15454672,25
3686,15454673,26
3687,15454674,27
3688,15454675,28
3689,15454676,29
3690,15454677,30
3691,15454678,1
3692,15454679,2
3693,15454680,3
3694,15454681,4
3695,15454682,5
3696,15454683,6
3697,15454684,7
3698,15454685,8
3699,15454686,9
3700,15454687,10
3701,15454688,11
3702,15454689,12
3703,15454690,13
3704,15454691,14
3705,15454692,15
3706,15454693,16
3707,15454694,17
3708,15454695,18
3709,15454696,19
3710,15454697,20
3711,15454698,21
3712,15454699,22
3713,15454700,23
3714,15454701,24
3715,15454702,25
3716,15454703,26
3717,15454704,27
3718,15454705,28
3719,15454706,29
3720,15454707,30
3721,15454708,1
3722,15454709,2
3723,15454710,3
3724,15454711,4
3725,15454712,5
3726,15454713,6
3727,15454714,7
3728,15454715,8
3729,15454716,9
3730,15454717,10
3731,15454718,11
3732,15454719,12
3733,15454720,13
3734,15454721,14
3735,15454722,15
3736,15454723,16
3737,15454724,17
3738,15454725,18
3739,15454726,19
3740,15454727,20
3741,15454728,21
3742,15454729,22
3743,15454730,23
3744,15454731,24
3745,15454732,25
3746,15454733,26
3747,15454734,27
3748,15454735,28
3749,15454736,29
3750,15454737,30
3751,15454738,1
3752,15454739,2
3753,15454740,3
3754,15454741,4
3755,15454742,5
3756,15454743,6
3757,15454744,7
3758,15454745,8
3759,15454746,9
3760,15454747,10
3761,15454748,11
3762,15454749,12
3763,15454750,13
3764,15454751,14
3765,15454752,15
3766,15454753,16
3767,15454754,17
3768,15454755,18
3769,15454756,19
3770,15454757,20
3771,15454758,21
3772,15454759,22
3773,15454760,23
3774,15454761,24
3775,15454762,25
3776,15454763,26
3777,15454764,27
3778,15454765,28
3779,15454766,29
3780,15454767,30
3781,15454768,1
3782,15454769,2
3783,15454770,3
3784,15454771,4
3785,15454772,5
3786,15454773,6
3787,15454774,7
3788,15454775,8
3789,15454776,9
3790,15454777,10
3791,15454778,11
3792,15454779,12
3793,15454780,13
3794,15454781,14
3795,15454782,15
3796,15454783,16
3797,15454784,17
3798,15454785,18
3799,15454786,19
3800,15454787,20
3801,15454788,21
3802,15454789,22
3803,15454790,23
3804,15454791,24
3805,15454792,25
3806,15454793,26
3807,15454794,27
3808,15454795,28
3809,15454796,29
3810,15454797,30
3811,15454798,1
3812,15454799,2
3813,15454800,3
3814,15454801,4
3815,15454802,5
3816,15454803,6
3817,15454804,7
3818,15454805,8
3819,15454806,9
3820,15454807,10
3821,15454808,11
3822,15454809,12
3823,15454810,13
3824,15454811,14
3825,15454812,15
3826,15454813,16
3827,15454814,17
3828,15454815,18
3829,15454816,19
3830,15454817,20
3831,15454818,21
3832,15454819,22
3833,15454820,23
3834,15454821,24
3835,15454822,25
3836,15454823,26
3837,15454824,27
3838,15454825,28
3839,15454826,29
3840,15454827,30
3841,15454828,1
3842,15454829,2
3843,15454830,3
3844,15454831,4
3845,15454832,5
3846,15454833,6
3847,15454834,7
3848,15454835,8
3849,15454836,9
3850,15454837,10
3851,15454838,11
3852,15454839,12
3853,15454840,13
3854,15454841,14
3855,15454842,15
3856,15454843,16
3857,15454844,17
3858,15454845,18
3859,15454846,19
3860,15454847,20
3861,15454848,21
3862,15454849,22
3863,15454850,23
3864,15454851,24
3865,15454852,25
3866,15454853,26
3867,15454854,27
3868,15454855,28
3869,15454856,29
3870,15454857,30
3871,15454858,1
3872,15454859,2
3873,15454860,3
3874,15454861,4
3875,15454862,5
3876,15454863,6
3877,15454864,7
3878,15454865,8
3879,15454866,9
3880,15454867,10
3881,15454868,11
3882,15454869,12
3883,15454870,13
3884,15454871,14
3885,15454872,15
3886,15454873,16
3887,15454874,17
3888,15454875,18
3889,15454876,19
3890,15454877,20
3891,15454878,21
3892,15454879,22
3893,15454880,23
3894,15454881,24
3895,15454882,25
3896,15454883,26
3897,15454884,27
3898,15454885,28
3899,15454886,29
3900,15454887,30
3901,15454888,1
3902,15454889,2
3903,15454890,3
3904,15454891,4
3905,15454892,5
3906,15454893,6
3907,15454894,7
3908,15454895,8
3909,15454896,9
3910,15454897,10
3911,15454898,11
3912,15454899,12
3913,15454900,13
3914,15454901,14
3915,15454902,15
3916,15454903,16
3917,15454904,17
3918,15454905,18
3919,15454906,19
3920,15454907,20
3921,15454908,21
3922,15454909,22
3923,15454910,23
3924,15454911,24
3925,15454912,25
3926,15454913,26
3927,15454914,27
3928,15454915,28
3929,15454916,29
3930,15454917,30
3931,15454918,1
3932,15454919,2
3933,15454920,3
3934,15454921,4
3935,15454922,5
3936,15454923,6
3937,15454924,7
3938,15454925,8
3939,15454926,9
3940,15454927,10
3941,15454928,11
3942,15454929,12
3943,15454930,13
3944,15454931,14
3945,15454932,15
3946,15454933,16
3947,15454934,17
3948,15454935,18
3949,15454936,19
3950,15454937,20
3951,15454938,21
3952,15454939,22
3953,15454940,23
3954,15454941,24
3955,15454942,25
3956,15454943,26
3957,15454944,27
3958,15454945,28
3959,15454946,29
3960,15454947,30
3961,15454948,1
3962,15454949,2
3963,15454950,3
3964,15454951,4
3965,15454952,5
3966,15454953,6
3967,15454954,7
3968,15454955,8
3969,15454956,9
3970,15454957,10
3971,15454958,11
3972,15454959,12
3973,15454960,13
3974,15454961,14
3975,15454962,15
3976,15454963,16
3977,15454964,17
3978,15454965,18
3979,15454966,19
3980,15454967,20
3981,15454968,21
3982,15454969,22
3983,15454970,23
3984,15454971,24
3985,15454972,25
3986,15454973,26
3987,15454974,27
3988,15454975,28
3989,15454976,29
3990,15454977,30
3991,15454978,1
3992,15454979,2
3993,15454980,3
3994,15454981,4
3995,15454982,5
3996,15454983,6
3997,15454984,7
3998,15454985,8
3999,15454986,9
4000,15454987,10
4001,15454988,11
4002,15454989,12
4003,15454990,13
4004,15454991,14
4005,15454992,15
4006,15454993,16
4007,15454994,17
4008,15454995,18
4009,15454996,19
4010,15454997,20
4011,15454998,21
4012,15454999,22
4013,15455000,23
4014,15455001,24
4015,15455002,25
4016,15455003,26
4017,15455004,27
4018,15455005,28
4019,15455006,29
4020,15455007,30
4021,15455008,1
4022,15455009,2
4023,15455010,3
4024,15455011,4
4025,15455012,5
4026,15455013,6
4027,15455014,7
4028,15455015,8
4029,15455016,9
4030,15455017,10
4031,15455018,11
4032,15455019,12
4033,15455020,13
4034,15455021,14
4035,15455022,15
4036,15455023,16
4037,15455024,17
4038,15455025,18
4039,15455026,19
4040,15455027,20
4041,15455028,21
4042,15455029,22
4043,15455030,23
4044,15455031,24
4045,15455032,25
4046,15455033,26
4047,15455034,27
4048,15455035,28
4049,15455036,29
4050,15455037,30
4051,15455038,1
4052,15455039,2
4053,15455040,3
4054,15455041,4
4055,15455042,5
4056,15455043,6
4057,15455044,7
4058,15455045,8
4059,15455046,9
4060,15455047,10
4061,15455048,11
4062,15455049,12
4063,15455050,13
4064,15455051,14
4065,15455052,15
4066,15455053,16
4067,15455054,17
4068,15455055,18
4069,15455056,19
4070,15455057,20
4071,15455058,21
4072,15455059,22
4073,15455060,23
4074,15455061,24
4075,15455062,25
4076,15455063,26
4077,15455064,27
4078,15455065,28
4079,15455066,29
4080,15455067,30
4081,15455068,1
4082,15455069,2
4083,15455070,3
4084,15455071,4
4085,15455072,5
4086,15455073,6
4087,15455074,7
4088,15455075,8
4089,15455076,9
4090,15455077,10
4091,15455078,11
4092,15455079,12
4093,15455080,13
4094,15455081,14
4095,15455082,15
4096,15455083,16
4097,15455084,17
4098,15455085,18
4099,15455086,19
4100,15455087,20
4101,15455088,21
4102,15455089,22
4103,15455090,23
4104,15455091,24
4105,15455092,25
4106,15455093,26
4107,15455094,27
4108,15455095,28
4109,15455096,29
4110,15455097,30
4111,15455098,1
4112,15455099,2
4113,15455100,3
4114,15455101,4
4115,15455102,5
4116,15455103,6
4117,15455104,7
4118,15455105,8
4119,15455106,9
4120,15455107,10
4121,15455108,11
4122,15455109,12
4123,15455110,13
4124,15455111,14
4125,15455112,15
4126,15455113,16
4127,15455114,17
4128,15455115,18
4129,15455116,19
4130,15455117,20
4131,15455118,21
4132,15455119,22
4133,15455120,23
4134,15455121,24
4135,15455122,25
4136,15455123,26
4137,15455124,27
4138,15455125,28
4139,15455126,29
4140,15455127,30
4141,15455128,1
4142,15455129,2
4143,15455130,3
4144,15455131,4
4145,15455132,5
4146,15455133,6
4147,15455134,7
4148,15455135,8
4149,15455136,9
4150,15455137,10
4151,15455138,11
4152,15455139,12
4153,15455140,13
4154,15455141,14
4155,15455142,15
4156,15455143,16
4157,15455144,17
4158,15455145,18
4159,15455146,19
4160,15455147,20
4161,15455148,21
4162,15455149,22
4163,15455150,23
4164,15455151,24
4165,15455152,25
4166,15455153,26
4167,15455154,27
4168,15455155,28
4169,15455156,29
4170,15455157,30
4171,15455158,1
4172,15455159,2
4173,15455160,3
4174,15455161,4
4175,15455162,5
4176,15455163,6
4177,15455164,7
4178,15455165,8
4179,15455166,9
4180,15455167,10
4181,15455168,11
4182,15455169,12
4183,15455170,13
4184,15455171,14
4185,15455172,15
4186,15455173,16
4187,15455174,17
4188,15455175,18
4189,15455176,19
4190,15455177,20
4191,15455178,21
4192,15455179,22
4193,15455180,23
4194,15455181,24
4195,15455182,25
4196,15455183,26
4197,15455184,27
4198,15455185,28
4199,15455186,29
4200,15455187,30
4201,15455188,1
4202,15455189,2
4203,15455190,3
4204,15455191,4
4205,15455192,5
4206,15455193,6
4207,15455194,7
4208,15455195,8
4209,15455196,9
4210,15455197,10
4211,15455198,11
4212,15455199,12
4213,15455200,13
4214,15455201,14
4215,15455202,15
4216,15455203,16
4217,15455204,17
4218,15455205,18
4219,15455206,19
4220,15455207,20
4221,15455208,21
4222,15455209,22
4223,15455210,23
4224,15455211,24
4225,15455212,25
4226,15455213,26
4227,15455214,27
4228,15455215,28
4229,15455216,29
4230,15455217,30
4231,15455218,1
4232,15455219,2
4233,15455220,3
4234,15455221,4
4235,15455222,5
4236,15455223,6
4237,15455224,7
4238,15455225,8
4239,15455226,9
4240,15455227,10
4241,15455228,11
4242,15455229,12
4243,15455230,13
4244,15455231,14
4245,15455232,15
4246,15455233,16
4247,15455234,17
4248,15455235,18
4249,15455236,19
4250,15455237,20
4251,15455238,21
4252,15455239,22
4253,15455240,23
4254,15455241,24
4255,15455242,25
4256,15455243,26
4257,15455244,27
4258,15455245,28
4259,15455246,29
4260,15455247,30
4261,15455248,1
4262,15455249,2
4263,15455250,3
4264,15455251,4
4265,15455252,5
4266,15455253,6
4267,15455254,7
4268,15455255,8
4269,15455256,9
4270,15455257,10
4271,15455258,11
4272,15455259,12
4273,15455260,13
4274,15455261,14
4275,15455262,15
4276,15455263,16
4277,15455264,17
4278,15455265,18
4279,15455266,19
4280,15455267,20
4281,15455268,21
4282,15455269,22
4283,15455270,23
4284,15455271,24
4285,15455272,25
4286,15455273,26
4287,15455274,27
4288,15455275,28
4289,15455276,29
4290,15455277,30
4291,15455278,1
4292,15455279,2
4293,15455280,3
4294,15455281,4
4295,15455282,5
4296,15455283,6
4297,15455284,7
4298,15455285,8
4299,15455286,9
4300,15455287,10
4301,15455288,11
4302,15455289,12
4303,15455290,13
4304,15455291,14
4305,15455292,15
4306,15455293,16
4307,15455294,17
4308,15455295,18
4309,15455296,19
4310,15455297,20
4311,15455298,21
4312,15455299,22
4313,15455300,23
4314,15455301,24
4315,15455302,25
4316,15455303,26
4317,15455304,27
4318,15455305,28
4319,15455306,29
4320,15455307,30
4321,15455308,1
4322,15455309,2
4323,15455310,3
4324,15455311,4
4325,15455312,5
4326,15455313,6
4327,15455314,7
4328,15455315,8
4329,15455316,9
4330,15455317,10
4331,15455318,11
4332,15455319,12
4333,15455320,13
4334,15455321,14
4335,15455322,15
4336,15455323,16
4337,15455324,17
4338,15455325,18
4339,15455326,19
4340,15455327,20
4341,15455328,21
4342,15455329,22
4343,15455330,23
4344,15455331,24
4345,15455332,25
4346,15455333,26
4347,15455334,27
4348,15455335,28
4349,15455336,29
4350,15455337,30
4351,15455338,1
4352,15455339,2
4353,15455340,3
4354,15455341,4
4355,15455342,5
4356,15455343,6
4357,15455344,7
4358,15455345,8
4359,15455346,9
4360,15455347,10
4361,15455348,11
4362,15455349,12
4363,15455350,13
4364,15455351,14
4365,15455352,15
4366,15455353,16
4367,15455354,17
4368,15455355,18
4369,15455356,19
4370,15455357,20
4371,15455358,21
4372,15455359,22
4373,15455360,23
4374,15455361,24
4375,15455362,25
4376,15455363,26
4377,15455364,27
4378,15455365,28
4379,15455366,29
4380,15455367,30
4381,15455368,1
4382,15455369,2
4383,15455370,3
4384,15455371,4
4385,15455372,5
4386,15455373,6
4387,15455374,7
4388,15455375,8
4389,15455376,9
4390,15455377,10
4391,15455378,11
4392,15455379,12
4393,15455380,13
4394,15455381,14
4395,15455382,15
4396,15455383,16
4397,15455384,17
4398,15455385,18
4399,15455386,19
4400,15455387,20
4401,15455388,21
4402,15455389,22
4403,15455390,23
4404,15455391,24
4405,15455392,25
4406,15455393,26
4407,15455394,27
4408,15455395,28
4409,15455396,29
4410,15455397,30
4411,15455398,1
4412,15455399,2
4413,15455400,3
4414,15455401,4
4415,15455402,5
4416,15455403,6
4417,15455404,7
4418,15455405,8
4419,15455406,9
4420,15455407,10
4421,15455408,11
4422,15455409,12
4423,15455410,13
4424,15455411,14
4425,15455412,15
4426,15455413,16
4427,15455414,17
4428,15455415,18
4429,15455416,19
4430,15455417,20
4431,15455418,21
4432,15455419,22
4433,15455420,23
4434,15455421,24
4435,15455422,25
4436,15455423,26
4437,15455424,27
4438,15455425,28
4439,15455426,29
4440,15455427,30
