EID,SSN,DATEHIRED
1,12345678,2022-01-01
2,12345679,2022-01-02
3,12345680,2022-01-03
4,12345681,2022-01-04
5,12345682,2022-01-05
6,12345683,2022-01-06
7,12345684,2022-01-07
8,12345685,2022-01-08
9,12345686,2022-01-09
10,12345687,2022-01-10
11,12345688,2022-01-11
12,12345689,2022-01-12
13,12345690,2022-01-13
14,12345691,2022-01-14
15,12345692,2022-01-15
16,12345693,2022-01-16
17,12345694,2022-01-17
18,12345695,2022-01-18
19,12345696,2022-01-19
20,12345697,2022-01-20
21,12345698,2022-01-21
22,12345699,2022-01-22
23,12345700,2022-01-23
24,12345701,2022-01-24
25,12345702,2022-01-25
26,12345703,2022-01-26
27,12345704,2022-01-27
28,12345705,2022-01-28
29,12345706,2022-01-29
30,12345707,2022-01-01
31,12345708,2022-01-02
32,12345709,2022-01-03
33,12345710,2022-01-04
34,12345711,2022-01-05
35,12345712,2022-01-06
36,12345713,2022-01-07
37,12345714,2022-01-08
38,12345715,2022-01-09
39,12345716,2022-01-10
40,12345717,2022-01-11
41,12345718,2022-01-12
42,12345719,2022-01-13
43,12345720,2022-01-14
44,12345721,2022-01-15
45,12345722,2022-01-16
46,12345723,2022-01-17
47,12345724,2022-01-18
48,12345725,2022-01-19
49,12345726,2022-01-20
50,12345727,2022-01-21
51,12345728,2022-01-22
52,12345729,2022-01-23
53,12345730,2022-01-24
54,12345731,2022-01-25
55,12345732,2022-01-26
56,12345733,2022-01-27
57,12345734,2022-01-28
58,12345735,2022-01-29
59,12345736,2022-01-01
60,12345737,2022-01-02
61,12345738,2022-01-03
62,12345739,2022-01-04
63,12345740,2022-01-05
64,12345741,2022-01-06
65,12345742,2022-01-07
66,12345743,2022-01-08
67,12345744,2022-01-09
68,12345745,2022-01-10
69,12345746,2022-01-11
70,12345747,2022-01-12
71,12345748,2022-01-13
72,12345749,2022-01-14
73,12345750,2022-01-15
74,12345751,2022-01-16
75,12345752,2022-01-17
76,12345753,2022-01-18
77,12345754,2022-01-19
78,12345755,2022-01-20
79,12345756,2022-01-21
80,12345757,2022-01-22
81,12345758,2022-01-23
82,12345759,2022-01-24
83,12345760,2022-01-25
84,12345761,2022-01-26
85,12345762,2022-01-27
86,12345763,2022-01-28
87,12345764,2022-01-29
88,12345765,2022-01-01
89,12345766,2022-01-02
90,12345767,2022-01-03
91,12345768,2022-01-04
92,12345769,2022-01-05
93,12345770,2022-01-06
94,12345771,2022-01-07
95,12345772,2022-01-08
96,12345773,2022-01-09
97,12345774,2022-01-10
98,12345775,2022-01-11
99,12345776,2022-01-12
100,12345777,2022-01-13
101,12345778,2022-01-14
102,12345779,2022-01-15
103,12345780,2022-01-16
104,12345781,2022-01-17
105,12345782,2022-01-18
106,12345783,2022-01-19
107,12345784,2022-01-20
108,12345785,2022-01-21
109,12345786,2022-01-22
110,15450000,2022-01-23
111,15450001,2022-01-24
112,15450002,2022-01-25
113,15450003,2022-01-26
114,15450004,2022-01-27
115,15450005,2022-01-28
116,15450006,2022-01-29
117,15450007,2022-01-01
118,15450008,2022-01-02
119,15450009,2022-01-03
120,15450010,2022-01-04
121,15450011,2022-01-05
122,15450012,2022-01-06
123,15450013,2022-01-07
124,15450014,2022-01-08
125,15450015,2022-01-09
126,15450016,2022-01-10
127,15450017,2022-01-11
128,15450018,2022-01-12
129,15450019,2022-01-13
130,15450020,2022-01-14
131,15450021,2022-01-15
132,15450022,2022-01-16
133,15450023,2022-01-17
134,15450024,2022-01-18
135,15450025,2022-01-19
136,15450026,2022-01-20
137,15450027,2022-01-21
138,15450028,2022-01-22
139,15450029,2022-01-23
140,15450030,2022-01-24
141,15450031,2022-01-25
142,15450032,2022-01-26
143,15450033,2022-01-27
144,15450034,2022-01-28
145,15450035,2022-01-29
146,15450036,2022-01-30
147,15450037,2022-01-31
148,15450038,2022-02-01
149,15450039,2022-02-02
150,15450040,2022-02-03
151,15450041,2022-02-04
152,15450042,2022-02-05
153,15450043,2022-02-06
154,15450044,2022-02-07
155,15450045,2022-02-08
156,15450046,2022-02-09
157,15450047,2022-02-10
158,15450048,2022-02-11
159,15450049,2022-02-12
160,15450050,2022-02-13
161,15450051,2022-02-14
162,15450052,2022-02-15
163,15450053,2022-02-16
164,15450054,2022-02-17
165,15450055,2022-02-18
166,15450056,2022-02-19
167,15450057,2022-02-20
168,15450058,2022-02-21
169,15450059,2022-02-22
170,15450060,2022-02-23
171,15450061,2022-02-24
172,15450062,2022-02-25
173,15450063,2022-02-26
174,15450064,2022-02-27
175,15450065,2022-02-28
176,15450066,2022-03-01
177,15450067,2022-03-02
178,15450068,2022-03-03
179,15450069,2022-03-04
180,15450070,2022-03-05
181,15450071,2022-03-06
182,15450072,2022-03-07
183,15450073,2022-03-08
184,15450074,2022-03-09
185,15450075,2022-03-10
186,15450076,2022-03-11
187,15450077,2022-03-12
188,15450078,2022-03-13
189,15450079,2022-03-14
190,15450080,2022-03-15
191,15450081,2022-03-16
192,15450082,2022-03-17
193,15450083,2022-03-18
194,15450084,2022-03-19
195,15450085,2022-03-20
196,15450086,2022-03-21
197,15450087,2022-03-22
198,15450088,2022-03-23
199,15450089,2022-03-24
200,15450090,2022-03-25
201,15450091,2022-03-26
202,15450092,2022-03-27
203,15450093,2022-03-28
204,15450094,2022-03-29
205,15450095,2022-03-30
206,15450096,2022-03-31
207,15450097,2022-04-01
208,15450098,2022-04-02
209,15450099,2022-04-03
210,15450100,2022-04-04
211,15450101,2022-04-05
212,15450102,2022-04-06
213,15450103,2022-04-07
214,15450104,2022-04-08
215,15450105,2022-04-09
216,15450106,2022-04-10
217,15450107,2022-04-11
218,15450108,2022-04-12
219,15450109,2022-04-13
220,15450110,2022-04-14
221,15450111,2022-04-15
222,15450112,2022-04-16
223,15450113,2022-04-17
224,15450114,2022-04-18
225,15450115,2022-04-19
226,15450116,2022-04-20
227,15450117,2022-04-21
228,15450118,2022-04-22
229,15450119,2022-04-23
230,15450120,2022-04-24
231,15450121,2022-04-25
232,15450122,2022-04-26
233,15450123,2022-04-27
234,15450124,2022-04-28
235,15450125,2022-04-29
236,15450126,2022-04-30
237,15450127,2022-05-01
238,15450128,2022-05-02
239,15450129,2022-05-03
240,15450130,2022-05-04
241,15450131,2022-05-05
242,15450132,2022-05-06
243,15450133,2022-05-07
244,15450134,2022-05-08
245,15450135,2022-05-09
246,15450136,2022-05-10
247,15450137,2022-05-11
248,15450138,2022-05-12
249,15450139,2022-05-13
250,15450140,2022-05-14
251,15450141,2022-05-15
252,15450142,2022-05-16
253,15450143,2022-05-17
254,15450144,2022-05-18
255,15450145,2022-05-19
256,15450146,2022-05-20
257,15450147,2022-05-21
258,15450148,2022-05-22
259,15450149,2022-05-23
260,15450150,2022-05-24
261,15450151,2022-05-25
262,15450152,2022-05-26
263,15450153,2022-05-27
264,15450154,2022-05-28
265,15450155,2022-05-29
266,15450156,2022-05-30
267,15450157,2022-05-31
268,15450158,2022-06-01
269,15450159,2022-06-02
270,15450160,2022-06-03
271,15450161,2022-06-04
272,15450162,2022-06-05
273,15450163,2022-06-06
274,15450164,2022-06-07
275,15450165,2022-06-08
276,15450166,2022-06-09
277,15450167,2022-06-10
278,15450168,2022-06-11
279,15450169,2022-06-12
280,15450170,2022-06-13
281,15450171,2022-06-14
282,15450172,2022-06-15
283,15450173,2022-06-16
284,15450174,2022-06-17
285,15450175,2022-06-18
286,15450176,2022-06-19
287,15450177,2022-06-20
288,15450178,2022-06-21
289,15450179,2022-06-22
290,15450180,2022-06-23
291,15450181,2022-06-24
292,15450182,2022-06-25
293,15450183,2022-06-26
294,15450184,2022-06-27
295,15450185,2022-06-28
296,15450186,2022-06-29
297,15450187,2022-06-30
298,15450188,2022-07-01
299,15450189,2022-07-02
300,15450190,2022-07-03
301,15450191,2022-07-04
302,15450192,2022-07-05
303,15450193,2022-07-06
304,15450194,2022-07-07
305,15450195,2022-07-08
306,15450196,2022-07-09
307,15450197,2022-07-10
308,15450198,2022-07-11
309,15450199,2022-07-12
310,15450200,2022-07-13
311,15450201,2022-07-14
312,15450202,2022-07-15
313,15450203,2022-07-16
314,15450204,2022-07-17
315,15450205,2022-07-18
316,15450206,2022-07-19
317,15450207,2022-07-20
318,15450208,2022-07-21
319,15450209,2022-07-22
320,15450210,2022-07-23
321,15450211,2022-07-24
322,15450212,2022-07-25
323,15450213,2022-07-26
324,15450214,2022-07-27
325,15450215,2022-07-28
326,15450216,2022-07-29
327,15450217,2022-07-30
328,15450218,2022-07-31
329,15450219,2022-08-01
330,15450220,2022-08-02
331,15450221,2022-08-03
332,15450222,2022-08-04
333,15450223,2022-08-05
334,15450224,2022-08-06
335,15450225,2022-08-07
336,15450226,2022-08-08
337,15450227,2022-08-09
338,15450228,2022-08-10
339,15450229,2022-08-11
340,15450230,2022-08-12
341,15450231,2022-08-13
342,15450232,2022-08-14
343,15450233,2022-08-15
344,15450234,2022-08-16
345,15450235,2022-08-17
346,15450236,2022-08-18
347,15450237,2022-08-19
348,15450238,2022-08-20
349,15450239,2022-08-21
350,15450240,2022-08-22
351,15450241,2022-08-23
352,15450242,2022-08-24
353,15450243,2022-08-25
354,15450244,2022-08-26
355,15450245,2022-08-27
356,15450246,2022-08-28
357,15450247,2022-08-29
358,15450248,2022-08-30
359,15450249,2022-08-31
360,15450250,2022-09-01
361,15450251,2022-09-02
362,15450252,2022-09-03
363,15450253,2022-09-04
364,15450254,2022-09-05
365,15450255,2022-09-06
366,15450256,2022-09-07
367,15450257,2022-09-08
368,15450258,2022-09-09
369,15450259,2022-09-10
370,15450260,2022-09-11
371,15450261,2022-09-12
372,15450262,2022-09-13
373,15450263,2022-09-14
374,15450264,2022-09-15
375,15450265,2022-09-16
376,15450266,2022-09-17
377,15450267,2022-09-18
378,15450268,2022-09-19
379,15450269,2022-09-20
380,15450270,2022-09-21
381,15450271,2022-09-22
382,15450272,2022-01-29
383,15450273,2022-01-30
384,15450274,2022-01-31
385,15450275,2022-02-01
386,15450276,2022-02-02
387,15450277,2022-02-03
388,15450278,2022-02-04
389,15450279,2022-02-05
390,15450280,2022-02-06
391,15450281,2022-02-07
392,15450282,2022-02-08
393,15450283,2022-02-09
394,15450284,2022-02-10
395,15450285,2022-02-11
396,15450286,2022-02-12
397,15450287,2022-02-13
398,15450288,2022-02-14
399,15450289,2022-02-15
400,15450290,2022-02-16
401,15450291,2022-02-17
402,15450292,2022-02-18
403,15450293,2022-02-19
404,15450294,2022-02-20
405,15450295,2022-02-21
406,15450296,2022-02-22
407,15450297,2022-02-23
408,15450298,2022-02-24
409,15450299,2022-02-25
410,15450300,2022-02-26
411,15450301,2022-02-27
412,15450302,2022-02-28
413,15450303,2022-03-01
414,15450304,2022-03-02
415,15450305,2022-03-03
416,15450306,2022-03-04
417,15450307,2022-03-05
418,15450308,2022-03-06
419,15450309,2022-03-07
420,15450310,2022-03-08
421,15450311,2022-03-09
422,15450312,2022-03-10
423,15450313,2022-03-11
424,15450314,2022-03-12
425,15450315,2022-03-13
426,15450316,2022-03-14
427,15450317,2022-03-15
428,15450318,2022-03-16
429,15450319,2022-03-17
430,15450320,2022-03-18
431,15450321,2022-03-19
432,15450322,2022-03-20
433,15450323,2022-03-21
434,15450324,2022-03-22
435,15450325,2022-03-23
436,15450326,2022-03-24
437,15450327,2022-03-25
438,15450328,2022-03-26
439,15450329,2022-03-27
440,15450330,2022-03-28
441,15450331,2022-03-29
442,15450332,2022-03-30
443,15450333,2022-03-31
444,15450334,2022-04-01
445,15450335,2022-04-02
446,15450336,2022-04-03
447,15450337,2022-04-04
448,15450338,2022-04-05
449,15450339,2022-04-06
450,15450340,2022-04-07
451,15450341,2022-04-08
452,15450342,2022-04-09
453,15450343,2022-04-10
454,15450344,2022-04-11
455,15450345,2022-04-12
456,15450346,2022-04-13
457,15450347,2022-04-14
458,15450348,2022-04-15
459,15450349,2022-04-16
460,15450350,2022-04-17
461,15450351,2022-04-18
462,15450352,2022-04-19
463,15450353,2022-04-20
464,15450354,2022-04-21
465,15450355,2022-04-22
466,15450356,2022-04-23
467,15450357,2022-04-24
468,15450358,2022-04-25
469,15450359,2022-04-26
470,15450360,2022-04-27
471,15450361,2022-04-28
472,15450362,2022-04-29
473,15450363,2022-04-30
474,15450364,2022-05-01
475,15450365,2022-05-02
476,15450366,2022-05-03
477,15450367,2022-05-04
478,15450368,2022-05-05
479,15450369,2022-05-06
480,15450370,2022-05-07
481,15450371,2022-05-08
482,15450372,2022-05-09
483,15450373,2022-05-10
484,15450374,2022-05-11
485,15450375,2022-05-12
486,15450376,2022-05-13
487,15450377,2022-05-14
488,15450378,2022-05-15
489,15450379,2022-05-16
490,15450380,2022-05-17
491,15450381,2022-05-18
492,15450382,2022-05-19
493,15450383,2022-05-20
494,15450384,2022-05-21
495,15450385,2022-05-22
496,15450386,2022-05-23
497,15450387,2022-05-24
498,15450388,2022-05-25
499,15450389,2022-05-26
500,15450390,2022-05-27
501,15450391,2022-05-28
502,15450392,2022-05-29
503,15450393,2022-05-30
504,15450394,2022-05-31
505,15450395,2022-06-01
506,15450396,2022-06-02
507,15450397,2022-06-03
508,15450398,2022-06-04
509,15450399,2022-06-05
510,15450400,2022-06-06
511,15450401,2022-06-07
512,15450402,2022-06-08
513,15450403,2022-06-09
514,15450404,2022-06-10
515,15450405,2022-06-11
516,15450406,2022-06-12
517,15450407,2022-06-13
518,15450408,2022-06-14
519,15450409,2022-06-15
520,15450410,2022-06-16
521,15450411,2022-06-17
522,15450412,2022-06-18
523,15450413,2022-06-19
524,15450414,2022-06-20
525,15450415,2022-06-21
526,15450416,2022-06-22
527,15450417,2022-06-23
528,15450418,2022-06-24
529,15450419,2022-06-25
530,15450420,2022-06-26
531,15450421,2022-06-27
532,15450422,2022-06-28
533,15450423,2022-06-29
534,15450424,2022-06-30
535,15450425,2022-07-01
536,15450426,2022-07-02
537,15450427,2022-07-03
538,15450428,2022-07-04
539,15450429,2022-07-05
540,15450430,2022-07-06
541,15450431,2022-07-07
542,15450432,2022-07-08
543,15450433,2022-07-09
544,15450434,2022-07-10
545,15450435,2022-07-11
546,15450436,2022-07-12
547,15450437,2022-07-13
548,15450438,2022-07-14
549,15450439,2022-07-15
550,15450440,2022-07-16
551,15450441,2022-07-17
552,15450442,2022-07-18
553,15450443,2022-07-19
554,15450444,2022-07-20
555,15450445,2022-07-21
556,15450446,2022-07-22
557,15450447,2022-07-23
558,15450448,2022-07-24
559,15450449,2022-07-25
560,15450450,2022-07-26
561,15450451,2022-07-27
562,15450452,2022-07-28
563,15450453,2022-07-29
564,15450454,2022-07-30
565,15450455,2022-07-31
566,15450456,2022-08-01
567,15450457,2022-08-02
568,15450458,2022-08-03
569,15450459,2022-08-04
570,15450460,2022-08-05
571,15450461,2022-08-06
572,15450462,2022-08-07
573,15450463,2022-08-08
574,15450464,2022-08-09
575,15450465,2022-08-10
576,15450466,2022-08-11
577,15450467,2022-08-12
578,15450468,2022-08-13
579,15450469,2022-08-14
580,15450470,2022-08-15
581,15450471,2022-08-16
582,15450472,2022-08-17
583,15450473,2022-08-18
584,15450474,2022-08-19
585,15450475,2022-08-20
586,15450476,2022-08-21
587,15450477,2022-08-22
588,15450478,2022-08-23
589,15450479,2022-08-24
590,15450480,2022-08-25
591,15450481,2022-08-26
592,15450482,2022-08-27
593,15450483,2022-08-28
594,15450484,2022-08-29
595,15450485,2022-08-30
596,15450486,2022-08-31
597,15450487,2022-09-01
598,15450488,2022-09-02
599,15450489,2022-09-03
600,15450490,2022-09-04
601,15450491,2022-09-05
602,15450492,2022-09-06
603,15450493,2022-09-07
604,15450494,2022-09-08
605,15450495,2022-09-09
606,15450496,2022-09-10
607,15450497,2022-09-11
608,15450498,2022-09-12
609,15450499,2022-09-13
610,15450500,2022-09-14
611,15450501,2022-09-15
612,15450502,2022-09-16
613,15450503,2022-09-17
614,15450504,2022-09-18
615,15450505,2022-09-19
616,15450506,2022-09-20
617,15450507,2022-09-21
618,15450508,2022-09-22
619,15450509,2022-09-22
620,15450510,2022-09-22
621,15450511,2022-09-22
622,15450512,2022-09-22
623,15450513,2022-09-22
624,15450514,2022-09-22
625,15450515,2022-09-22
626,15450516,2022-09-22
627,15450517,2022-09-22
628,15450518,2022-09-22
629,15450519,2022-09-22
630,15450520,2022-09-22
631,15450521,2022-09-22
632,15450522,2022-09-22
633,15450523,2022-09-22
634,15450524,2022-09-22
635,15450525,2022-09-22
636,15450526,2022-09-22
637,15450527,2022-09-22
638,15450528,2022-09-22
639,15450529,2022-09-22
640,15450530,2022-09-22
641,15450531,2022-09-22
642,15450532,2022-09-22
643,15450533,2022-09-22
644,15450534,2022-09-22
645,15450535,2022-09-22
646,15450536,2022-09-22
647,15450537,2022-09-22
648,15450538,2022-09-22
649,15450539,2022-09-22
650,15450540,2022-09-22
651,15450541,2022-09-22
652,15450542,2022-09-22
653,15450543,2022-09-22
654,15450544,2022-09-22
655,15450545,2022-09-22
656,15450546,2022-09-22
657,15450547,2022-09-22
658,15450548,2022-09-22
659,15450549,2022-09-22
660,15450550,2022-09-22
661,15450551,2022-09-22
662,15450552,2022-09-22
663,15450553,2022-09-22
664,15450554,2022-09-22
665,15450555,2022-09-22
666,15450556,2022-09-22
667,15450557,2022-09-22
668,15450558,2022-09-22
669,15450559,2022-09-22
670,15450560,2022-09-22
671,15450561,2022-09-22
672,15450562,2022-09-22
673,15450563,2022-09-22
674,15450564,2022-09-22
675,15450565,2022-09-22
676,15450566,2022-09-22
677,15450567,2022-09-22
678,15450568,2022-09-22
679,15450569,2022-09-22
680,15450570,2022-09-22
681,15450571,2022-09-22
682,15450572,2022-09-22
683,15450573,2022-09-22
684,15450574,2022-09-22
685,15450575,2022-09-22
686,15450576,2022-09-22
687,15450577,2022-09-22
688,15450578,2022-09-22
689,15450579,2022-09-22
690,15450580,2022-09-22
691,15450581,2022-09-22
692,15450582,2022-09-22
693,15450583,2022-09-22
694,15450584,2022-09-22
695,15450585,2022-09-22
696,15450586,2022-09-22
697,15450587,2022-09-22
698,15450588,2022-09-22
699,15450589,2022-09-22
700,15450590,2022-09-22
701,15450591,2022-09-22
702,15450592,2022-09-22
703,15450593,2022-09-22
704,15450594,2022-09-22
705,15450595,2022-09-22
706,15450596,2022-09-22
707,15450597,2022-09-22
708,15450598,2022-09-22
709,15450599,2022-09-22
710,15450600,2022-09-22
711,15450601,2022-09-22
712,15450602,2022-09-22
713,15450603,2022-09-22
714,15450604,2022-09-22
715,15450605,2022-09-22
716,15450606,2022-09-22
717,15450607,2022-09-22
718,15450608,2022-09-22
719,15450609,2022-09-22
720,15450610,2022-09-22
721,15450611,2022-09-22
722,15450612,2022-09-22
723,15450613,2022-09-22
724,15450614,2022-09-22
725,15450615,2022-09-22
726,15450616,2022-09-22
727,15450617,2022-09-22
728,15450618,2022-09-22
729,15450619,2022-09-22
730,15450620,2022-09-22
731,15450621,2022-09-22
732,15450622,2022-09-22
733,15450623,2022-09-22
734,15450624,2022-09-22
735,15450625,2022-09-22
736,15450626,2022-09-22
737,15450627,2022-09-22
738,15450628,2022-09-22
739,15450629,2022-09-22
740,15450630,2022-08-05
741,15450631,2022-08-06
742,15450632,2022-08-07
743,15450633,2022-08-08
744,15450634,2022-08-09
745,15450635,2022-08-05
746,15450636,2022-08-06
747,15450637,2022-08-07
748,15450638,2022-08-08
749,15450639,2022-08-09
750,15450640,2022-08-05
751,15450641,2022-08-06
752,15450642,2022-08-07
753,15450643,2022-08-08
754,15450644,2022-08-09
755,15450645,2022-09-22
756,15450646,2022-09-22
757,15450647,2022-09-22
758,15450648,2022-09-22
759,15450649,2022-09-22
760,15450650,2022-09-22
761,15450651,2022-08-05
762,15450652,2022-08-06
763,15450653,2022-08-07
764,15450654,2022-08-08
765,15450655,2022-08-09
766,15450656,2022-08-05
767,15450657,2022-08-06
768,15450658,2022-08-07
769,15450659,2022-08-08
770,15450660,2022-08-09
771,15450661,2022-08-05
772,15450662,2022-08-06
773,15450663,2022-08-07
774,15450664,2022-08-08
775,15450665,2022-08-09
776,15450666,2022-09-22
777,15450667,2022-09-22
778,15450668,2022-09-22
779,15450669,2022-09-22
780,15450670,2022-09-22
781,15450671,2022-09-22
782,15450672,2022-08-05
783,15450673,2022-08-06
784,15450674,2022-08-07
785,15450675,2022-08-08
786,15450676,2022-08-09
787,15450677,2022-08-05
788,15450678,2022-08-06
789,15450679,2022-08-07
790,15450680,2022-08-08
791,15450681,2022-08-09
792,15450682,2022-08-05
793,15450683,2022-08-06
794,15450684,2022-08-07
795,15450685,2022-08-08
796,15450686,2022-08-09
797,15450687,2022-09-22
798,15450688,2022-09-22
799,15450689,2022-09-22
800,15450690,2022-09-22
801,15450691,2022-09-22
802,15450692,2022-09-22
803,15450693,2022-08-05
804,15450694,2022-08-06
805,15450695,2022-08-07
806,15450696,2022-08-08
807,15450697,2022-08-09
808,15450698,2022-08-05
809,15450699,2022-08-06
810,15450700,2022-08-07
811,15450701,2022-08-08
812,15450702,2022-08-09
813,15450703,2022-08-05
814,15450704,2022-08-06
815,15450705,2022-08-07
816,15454102,2022-08-08
817,15454103,2022-08-09
818,15454104,2022-09-22
819,15454105,2022-09-22
820,15454106,2022-09-22
821,15454107,2022-09-22
822,15454108,2022-09-22
823,15454109,2022-09-22
824,15454110,2022-08-05
825,15454111,2022-08-06
826,15454112,2022-08-07
827,15454113,2022-08-08
828,15454114,2022-08-09
829,15454115,2022-08-05
830,15454116,2022-08-06
831,15454117,2022-08-07
832,15454118,2022-08-08
833,15454119,2022-08-09
834,15454120,2022-08-05
835,15454121,2022-08-06
836,15454122,2022-08-07
837,15454123,2022-08-08
838,15454124,2022-08-09
839,15454125,2022-09-22
840,15454126,2022-09-22
841,15454127,2022-09-22
842,15454128,2022-09-22
843,15454129,2022-09-22
844,15454130,2022-09-22
845,15454131,2022-08-05
846,15454132,2022-08-06
847,15454133,2022-08-07
848,15454134,2022-08-08
849,15454135,2022-08-09
850,15454136,2022-08-05
851,15454137,2022-08-06
852,15454138,2022-08-07
853,15454139,2022-08-08
854,15454140,2022-08-09
855,15454141,2022-08-05
856,15454142,2022-08-06
857,15454143,2022-08-07
858,15454144,2022-08-08
859,15454145,2022-08-09
860,15454146,2022-09-22
861,15454147,2022-09-22
862,15454148,2022-09-22
863,15454149,2022-09-22
864,15454150,2022-09-22
865,15454151,2022-09-22
866,15454152,2022-08-05
867,15454153,2022-08-06
868,15454154,2022-08-07
869,15454155,2022-08-08
870,15454156,2022-08-09
871,15454157,2022-08-05
872,15454158,2022-08-06
873,15454159,2022-08-07
874,15454160,2022-08-08
875,15454161,2022-08-09
876,15454162,2022-08-05
877,15454163,2022-08-06
878,15454164,2022-08-07
879,15454165,2022-08-08
880,15454166,2022-08-09
881,15454167,2022-09-22
882,15454168,2022-09-22
883,15454169,2022-09-22
884,15454170,2022-09-22
885,15454171,2022-09-22
886,15454172,2022-09-22
887,15454173,2022-08-05
888,15454174,2022-08-06
889,15454175,2022-08-07
890,15454176,2022-08-08
891,15454177,2022-08-09
892,15454178,2022-08-05
893,15454179,2022-08-06
894,15454180,2022-08-07
895,15454181,2022-08-08
896,15454182,2022-08-09
897,15454183,2022-08-05
898,15454184,2022-08-06
899,15454185,2022-08-07
900,15454186,2022-08-08
901,15454187,2022-08-09
902,15454188,2022-08-09
903,15454189,2022-08-09
904,15454190,2022-08-09
905,15454191,2022-08-09
906,15454192,2022-08-09
907,15454193,2022-08-09
908,15454194,2022-08-09
909,15454195,2022-08-09
910,15454196,2022-08-09
911,15454197,2022-08-09
912,15454198,2022-08-09
913,15454199,2022-08-09
914,15454200,2022-08-09
915,15454201,2022-08-09
916,15454202,2022-08-09
917,15454203,2022-08-09
918,15454204,2022-08-09
919,15454205,2022-08-09
920,15454206,2022-08-09
921,15454207,2022-08-09
922,15454208,2022-08-09
923,15454209,2022-08-09
924,15454210,2022-08-09
925,15454211,2022-08-09
926,15454212,2022-08-09
927,15454213,2022-08-09
928,15454214,2022-08-09
929,15454215,2022-08-09
930,15454216,2022-08-09
931,15454217,2022-08-09
932,15454218,2022-08-09
933,15454219,2022-08-09
934,15454220,2022-08-09
935,15454221,2022-08-09
936,15454222,2022-08-09
937,15454223,2022-08-09
938,15454224,2022-08-09
939,15454225,2022-08-09
940,15454226,2022-08-09
941,15454227,2022-08-09
942,15454228,2022-08-09
943,15454229,2022-08-09
944,15454230,2022-08-09
945,15454231,2022-08-09
946,15454232,2022-08-09
947,15454233,2022-08-09
948,15454234,2022-08-09
949,15454235,2022-08-09
950,15454236,2022-08-09
951,15454237,2022-08-09
952,15454238,2022-08-09
953,15454239,2022-08-09
954,15454240,2022-08-09
955,15454241,2022-08-09
956,15454242,2022-08-09
957,15454243,2022-08-09
958,15454244,2022-08-09
959,15454245,2022-08-09
960,15454246,2022-08-09
961,15454247,2022-08-09
962,15454248,2022-08-09
963,15454249,2022-08-09
964,15454250,2022-08-09
965,15454251,2022-08-09
966,15454252,2022-08-09
967,15454253,2022-08-09
968,15454254,2022-08-09
969,15454255,2022-08-09
970,15454256,2022-08-09
971,15454257,2022-08-09
972,15454258,2022-08-09
973,15454259,2022-08-09
974,15454260,2022-08-09
975,15454261,2022-08-09
976,15454262,2022-08-09
977,15454263,2022-08-09
978,15454264,2022-08-09
979,15454265,2022-08-09
980,15454266,2022-08-09
981,15454267,2022-08-09
982,15454268,2022-08-09
983,15454269,2022-08-09
984,15454270,2022-08-09
985,15454271,2022-08-09
986,15454272,2022-08-09
987,15454273,2022-08-09
988,15454274,2022-08-09
989,15454275,2022-08-09
990,15454276,2022-08-09
991,15454277,2022-08-09
992,15454278,2022-08-09
993,15454279,2022-08-09
994,15454280,2022-08-09
995,15454281,2022-08-09
996,15454282,2022-08-09
997,15454283,2022-08-09
998,15454284,2022-08-09
999,15454285,2022-08-09
1000,15454286,2022-08-09
1001,15454287,2022-08-09
1002,15454288,2022-08-09
1003,15454289,2022-08-09
1004,15454290,2022-08-09
1005,15454291,2022-08-09
1006,15454292,2022-08-09
1007,15454293,2022-08-09
1008,15454294,2022-08-09
1009,15454295,2022-08-09
1010,15454296,2022-08-09
1011,15454297,2022-08-09
1012,15454298,2022-08-09
1013,15454299,2022-08-09
1014,15454300,2022-08-09
1015,15454301,2022-08-09
1016,15454302,2022-08-09
1017,15454303,2022-08-09
1018,15454304,2022-08-09
1019,15454305,2022-08-09
1020,15454306,2022-08-09
1021,15454307,2022-08-09
1022,15454308,2022-08-09
1023,15454309,2022-08-09
1024,15454310,2022-08-09
1025,15454311,2022-08-09
1026,15454312,2022-08-09
1027,15454313,2022-08-09
1028,15454314,2022-08-09
1029,15454315,2022-08-09
1030,15454316,2022-08-09
1031,15454317,2022-08-09
1032,15454318,2022-08-09
1033,15454319,2022-08-09
1034,15454320,2022-08-09
1035,15454321,2022-08-09
1036,15454322,2022-08-09
1037,15454323,2022-08-09
1038,15454324,2022-08-09
1039,15454325,2022-08-09
1040,15454326,2022-08-09
1041,15454327,2022-08-09
1042,15454328,2022-08-09
1043,15454329,2022-08-09
1044,15454330,2022-08-09
1045,15454331,2022-08-09
1046,15454332,2022-08-09
1047,15454333,2022-08-09
1048,15454334,2022-08-09
1049,15454335,2022-08-09
1050,15454336,2022-08-09
1051,15454337,2022-08-09
1052,15454338,2022-08-09
1053,15454339,2022-08-09
1054,15454340,2022-08-09
1055,15454341,2022-08-09
1056,15454342,2022-08-09
1057,15454343,2022-08-09
1058,15454344,2022-08-09
1059,15454345,2022-08-09
1060,15454346,2022-08-09
1061,15454347,2022-08-09
1062,15454348,2022-08-09
1063,15454349,2022-08-09
1064,15454350,2022-08-09
1065,15454351,2022-08-09
1066,15454352,2022-08-09
1067,15454353,2022-08-09
1068,15454354,2022-08-09
1069,15454355,2022-08-09
1070,15454356,2022-08-09
1071,15454357,2022-08-09
1072,15454358,2022-08-09
1073,15454359,2022-08-09
1074,15454360,2022-08-09
1075,15454361,2022-08-09
1076,15454362,2022-08-09
1077,15454363,2022-08-09
1078,15454364,2022-08-09
1079,15454365,2022-08-09
1080,15454366,2022-08-09
1081,15454367,2022-08-09
1082,15454368,2022-08-09
1083,15454369,2022-08-09
1084,15454370,2022-08-09
1085,15454371,2022-08-09
1086,15454372,2022-08-09
1087,15454373,2022-08-09
1088,15454374,2022-08-09
1089,15454375,2022-08-09
1090,15454376,2022-08-09
1091,15454377,2022-08-09
1092,15454378,2022-08-09
1093,15454379,2022-08-09
1094,15454380,2022-08-09
1095,15454381,2022-08-09
1096,15454382,2022-08-09
1097,15454383,2022-08-09
1098,15454384,2022-08-09
1099,15454385,2022-08-09
1100,15454386,2022-08-09
1101,15454387,2022-08-09
1102,15454388,2022-08-09
1103,15454389,2022-08-09
1104,15454390,2022-08-09
1105,15454391,2022-08-09
1106,15454392,2022-08-09
1107,15454393,2022-08-09
1108,15454394,2022-08-09
1109,15454395,2022-08-09
1110,15454396,2022-08-09
1111,15454397,2022-08-09
1112,15454398,2022-08-09
1113,15454399,2022-08-09
1114,15454400,2022-08-09
1115,15454401,2022-08-09
1116,15454402,2022-08-09
1117,15454403,2022-08-09
1118,15454404,2022-08-09
1119,15454405,2022-08-09
1120,15454406,2022-08-09
1121,15454407,2022-08-09
1122,15454408,2022-08-09
1123,15454409,2022-08-09
1124,15454410,2022-08-09
1125,15454411,2022-08-09
1126,15454412,2022-08-09
1127,15454413,2022-08-09
1128,15454414,2022-08-09
1129,15454415,2022-08-09
1130,15454416,2022-08-09
1131,15454417,2022-08-09
1132,15454418,2022-08-09
1133,15454419,2022-08-09
1134,15454420,2022-08-09
1135,15454421,2022-08-09
1136,15454422,2022-08-09
1137,15454423,2022-08-09
1138,15454424,2022-08-09
1139,15454425,2022-08-09
1140,15454426,2022-08-09
1141,15454427,2022-08-09
1142,15454428,2022-08-09
1143,15454429,2022-08-09
1144,15454430,2022-08-09
1145,15454431,2022-08-09
1146,15454432,2022-08-09
1147,15454433,2022-08-09
1148,15454434,2022-08-09
1149,15454435,2022-08-09
1150,15454436,2022-08-09
1151,15454437,2022-08-09
1152,15454438,2022-08-09
1153,15454439,2022-08-09
1154,15454440,2022-08-09
1155,15454441,2022-08-09
1156,15454442,2022-08-09
1157,15454443,2022-08-09
1158,15454444,2022-08-09
1159,15454445,2022-08-09
1160,15454446,2022-08-09
1161,15454447,2022-08-09
1162,15454448,2022-08-09
1163,15454449,2022-08-09
1164,15454450,2022-08-09
1165,15454451,2022-08-09
1166,15454452,2022-08-09
1167,15454453,2022-08-09
1168,15454454,2022-08-09
1169,15454455,2022-08-09
1170,15454456,2022-08-09
1171,15454457,2022-08-09
1172,15454458,2022-08-09
1173,15454459,2022-08-09
1174,15454460,2022-08-09
1175,15454461,2022-08-09
1176,15454462,2022-08-09
1177,15454463,2022-08-09
1178,15454464,2022-08-09
1179,15454465,2022-08-09
1180,15454466,2022-08-09
1181,15454467,2022-08-09
1182,15454468,2022-08-09
1183,15454469,2022-08-09
1184,15454470,2022-08-09
1185,15454471,2022-08-09
1186,15454472,2022-08-09
1187,15454473,2022-08-09
1188,15454474,2022-08-09
1189,15454475,2022-08-09
1190,15454476,2022-08-09
1191,15454477,2022-08-09
1192,15454478,2022-08-09
1193,15454479,2022-08-09
1194,15454480,2022-08-09
1195,15454481,2022-08-09
1196,15454482,2022-08-09
1197,15454483,2022-08-09
1198,15454484,2022-08-09
1199,15454485,2022-08-09
1200,15454486,2022-08-09
1201,15454487,2022-08-09
1202,15454488,2022-08-09
1203,15454489,2022-08-09
1204,15454490,2022-08-09
1205,15454491,2022-08-09
1206,15454492,2022-08-09
1207,15454493,2022-08-09
1208,15454494,2022-08-09
1209,15454495,2022-08-09
1210,15454496,2022-08-09
1211,15454497,2022-08-09
1212,15454498,2022-08-09
1213,15454499,2022-08-09
1214,15454500,2022-08-09
1215,15454501,2022-08-09
1216,15454502,2022-08-09
1217,15454503,2022-08-09
1218,15454504,2022-08-09
1219,15454505,2022-08-09
1220,15454506,2022-08-09
1221,15454507,2022-08-09
1222,15454508,2022-08-09
1223,15454509,2022-08-09
1224,15454510,2022-08-09
1225,15454511,2022-08-09
1226,15454512,2022-08-09
1227,15454513,2022-08-09
1228,15454514,2022-08-09
1229,15454515,2022-08-09
1230,15454516,2022-08-09
1231,15454517,2022-08-09
1232,15454518,2022-08-09
1233,15454519,2022-08-09
1234,15454520,2022-08-09
1235,15454521,2022-08-09
1236,15454522,2022-08-09
1237,15454523,2022-08-09
1238,15454524,2022-08-09
1239,15454525,2022-08-09
1240,15454526,2022-08-09
1241,15454527,2022-08-09
1242,15454528,2022-08-09
1243,15454529,2022-08-09
1244,15454530,2022-08-09
1245,15454531,2022-08-09
1246,15454532,2022-08-09
1247,15454533,2022-08-09
1248,15454534,2022-08-09
1249,15454535,2022-08-09
1250,15454536,2022-08-09
1251,15454537,2022-08-09
1252,15454538,2022-08-09
1253,15454539,2022-08-09
1254,15454540,2022-08-09
1255,15454541,2022-08-09
1256,15454542,2022-08-09
1257,15454543,2022-08-09
1258,15454544,2022-08-09
1259,15454545,2022-08-09
1260,15454546,2022-08-09
1261,15454547,2022-08-09
1262,15454548,2022-08-09
1263,15454549,2022-08-09
1264,15454550,2022-08-09
1265,15454551,2022-08-09
1266,15454552,2022-08-09
1267,15454553,2022-08-09
1268,15454554,2022-08-09
1269,15454555,2022-08-09
1270,15454556,2022-08-09
1271,15454557,2022-08-09
1272,15454558,2022-08-09
1273,15454559,2022-08-09
1274,15454560,2022-08-09
1275,15454561,2022-08-09
1276,15454562,2022-08-09
1277,15454563,2022-08-09
1278,15454564,2022-08-09
1279,15454565,2022-08-09
1280,15454566,2022-08-09
1281,15454567,2022-08-09
1282,15454568,2022-08-09
1283,15454569,2022-08-09
1284,15454570,2022-08-09
1285,15454571,2022-08-09
1286,15454572,2022-08-09
1287,15454573,2022-08-09
1288,15454574,2022-08-09
1289,15454575,2022-08-09
1290,15454576,2022-08-09
1291,15454577,2022-08-09
1292,15454578,2022-08-09
1293,15454579,2022-08-09
1294,15454580,2022-08-09
1295,15454581,2022-08-09
1296,15454582,2022-08-09
1297,15454583,2022-08-09
1298,15454584,2022-08-09
1299,15454585,2022-08-09
1300,15454586,2022-08-09
1301,15454587,2022-08-09
1302,15454588,2022-08-09
1303,15454589,2022-08-09
1304,15454590,2022-08-09
1305,15454591,2022-08-09
1306,15454592,2022-08-09
1307,15454593,2022-08-09
1308,15454594,2022-08-09
1309,15454595,2022-08-09
1310,15454596,2022-08-09
1311,15454597,2022-08-09
1312,15454598,2022-08-09
1313,15454599,2022-08-09
1314,15454600,2022-08-09
1315,15454601,2022-08-09
1316,15454602,2022-08-09
1317,15454603,2022-08-09
1318,15454604,2022-08-09
1319,15454605,2022-08-09
1320,15454606,2022-08-09
1321,15454607,2022-08-09
1322,15454608,2022-08-09
1323,15454609,2022-08-09
1324,15454610,2022-08-09
1325,15454611,2022-08-09
1326,15454612,2022-08-09
1327,15454613,2022-08-09
1328,15454614,2022-08-09
1329,15454615,2022-08-09
1330,15454616,2022-08-09
1331,15454617,2022-08-09
1332,15454618,2022-08-09
1333,15454619,2022-08-09
1334,15454620,2022-08-09
1335,15454621,2022-08-09
1336,15454622,2022-08-09
1337,15454623,2022-08-09
1338,15454624,2022-08-09
1339,15454625,2022-08-09
1340,15454626,2022-08-09
1341,15454627,2022-08-09
1342,15454628,2022-08-09
1343,15454629,2022-08-09
1344,15454630,2022-08-09
1345,15454631,2022-08-09
1346,15454632,2022-08-09
1347,15454633,2022-08-09
1348,15454634,2022-08-09
1349,15454635,2022-08-09
1350,15454636,2022-08-09
1351,15454637,2022-08-09
1352,15454638,2022-08-09
1353,15454639,2022-08-09
1354,15454640,2022-08-09
1355,15454641,2022-08-09
1356,15454642,2022-08-09
1357,15454643,2022-08-09
1358,15454644,2022-08-09
1359,15454645,2022-08-09
1360,15454646,2022-08-09
1361,15454647,2022-08-09
1362,15454648,2022-08-09
1363,15454649,2022-08-09
1364,15454650,2022-08-09
1365,15454651,2022-08-09
1366,15454652,2022-08-09
1367,15454653,2022-08-09
1368,15454654,2022-08-09
1369,15454655,2022-08-09
1370,15454656,2022-08-09
1371,15454657,2022-08-09
1372,15454658,2022-08-09
1373,15454659,2022-08-09
1374,15454660,2022-08-09
1375,15454661,2022-08-09
1376,15454662,2022-08-09
1377,15454663,2022-08-09
1378,15454664,2022-08-09
1379,15454665,2022-08-09
1380,15454666,2022-08-09
1381,15454667,2022-08-09
1382,15454668,2022-08-09
1383,15454669,2022-08-09
1384,15454670,2022-08-09
1385,15454671,2022-08-09
1386,15454672,2022-08-09
1387,15454673,2022-08-09
1388,15454674,2022-08-09
1389,15454675,2022-08-09
1390,15454676,2022-08-09
1391,15454677,2022-08-09
1392,15454678,2022-08-09
1393,15454679,2022-08-09
1394,15454680,2022-08-09
1395,15454681,2022-08-09
1396,15454682,2022-08-09
1397,15454683,2022-08-09
1398,15454684,2022-08-09
1399,15454685,2022-08-09
1400,15454686,2022-08-09
1401,15454687,2022-08-09
1402,15454688,2022-08-09
1403,15454689,2022-08-09
1404,15454690,2022-08-09
1405,15454691,2022-08-09
1406,15454692,2022-08-09
1407,15454693,2022-08-09
1408,15454694,2022-08-09
1409,15454695,2022-08-09
1410,15454696,2022-08-09
1411,15454697,2022-08-09
1412,15454698,2022-08-09
1413,15454699,2022-08-09
1414,15454700,2022-08-09
1415,15454701,2022-08-09
1416,15454702,2022-08-09
1417,15454703,2022-08-09
1418,15454704,2022-08-09
1419,15454705,2022-08-09
1420,15454706,2022-08-09
1421,15454707,2022-08-09
1422,15454708,2022-08-09
1423,15454709,2022-08-09
1424,15454710,2022-08-09
1425,15454711,2022-08-09
1426,15454712,2022-08-09
1427,15454713,2022-08-09
1428,15454714,2022-08-09
1429,15454715,2022-08-09
1430,15454716,2022-08-09
1431,15454717,2022-08-09
1432,15454718,2022-08-09
1433,15454719,2022-08-09
1434,15454720,2022-08-09
1435,15454721,2022-08-09
1436,15454722,2022-08-09
1437,15454723,2022-08-09
1438,15454724,2022-08-09
1439,15454725,2022-08-09
1440,15454726,2022-08-09
1441,15454727,2022-08-09
1442,15454728,2022-08-09
1443,15454729,2022-08-09
1444,15454730,2022-08-09
1445,15454731,2022-08-09
1446,15454732,2022-08-09
1447,15454733,2022-08-09
1448,15454734,2022-08-09
1449,15454735,2022-08-09
1450,15454736,2022-08-09
1451,15454737,2022-08-09
1452,15454738,2022-08-09
1453,15454739,2022-08-09
1454,15454740,2022-08-09
1455,15454741,2022-08-09
1456,15454742,2022-08-09
1457,15454743,2022-08-09
1458,15454744,2022-08-09
1459,15454745,2022-08-09
1460,15454746,2022-08-09
1461,15454747,2022-08-09
1462,15454748,2022-08-09
1463,15454749,2022-08-09
1464,15454750,2022-08-09
1465,15454751,2022-08-09
1466,15454752,2022-08-09
1467,15454753,2022-08-09
1468,15454754,2022-08-09
1469,15454755,2022-08-09
1470,15454756,2022-08-09
1471,15454757,2022-08-09
1472,15454758,2022-08-09
1473,15454759,2022-08-09
1474,15454760,2022-08-09
1475,15454761,2022-08-09
1476,15454762,2022-08-09
1477,15454763,2022-08-09
1478,15454764,2022-08-09
1479,15454765,2022-08-09
1480,15454766,2022-08-09
1481,15454767,2022-08-09
1482,15454768,2022-08-09
1483,15454769,2022-08-09
1484,15454770,2022-08-09
1485,15454771,2022-08-09
1486,15454772,2022-08-09
1487,15454773,2022-08-09
1488,15454774,2022-08-09
1489,15454775,2022-08-09
1490,15454776,2022-08-09
1491,15454777,2022-08-09
1492,15454778,2022-08-09
1493,15454779,2022-08-09
1494,15454780,2022-08-09
1495,15454781,2022-08-09
1496,15454782,2022-08-09
1497,15454783,2022-08-09
1498,15454784,2022-08-09
1499,15454785,2022-08-09
1500,15454786,2022-08-09
1501,15454787,2022-08-09
1502,15454788,2022-08-09
1503,15454789,2022-08-09
1504,15454790,2022-08-09
1505,15454791,2022-08-09
1506,15454792,2022-08-09
1507,15454793,2022-08-09
1508,15454794,2022-08-09
1509,15454795,2022-08-09
1510,15454796,2022-08-09
1511,15454797,2022-08-09
1512,15454798,2022-08-09
1513,15454799,2022-08-09
1514,15454800,2022-08-09
1515,15454801,2022-08-09
1516,15454802,2022-08-09
1517,15454803,2022-08-09
1518,15454804,2022-08-09
1519,15454805,2022-08-09
1520,15454806,2022-08-09
1521,15454807,2022-08-09
1522,15454808,2022-08-09
1523,15454809,2022-08-09
1524,15454810,2022-08-09
1525,15454811,2022-08-09
1526,15454812,2022-08-09
1527,15454813,2022-08-09
1528,15454814,2022-08-09
1529,15454815,2022-08-09
1530,15454816,2022-08-09
1531,15454817,2022-08-09
1532,15454818,2022-08-09
1533,15454819,2022-08-09
1534,15454820,2022-08-09
1535,15454821,2022-08-09
1536,15454822,2022-08-09
1537,15454823,2022-08-09
1538,15454824,2022-08-09
1539,15454825,2022-08-09
1540,15454826,2022-08-09
1541,15454827,2022-08-09
1542,15454828,2022-08-09
1543,15454829,2022-08-09
1544,15454830,2022-08-09
1545,15454831,2022-08-09
1546,15454832,2022-08-09
1547,15454833,2022-08-09
1548,15454834,2022-08-09
1549,15454835,2022-08-09
1550,15454836,2022-08-09
1551,15454837,2022-08-09
1552,15454838,2022-08-09
1553,15454839,2022-08-09
1554,15454840,2022-08-09
1555,15454841,2022-08-09
1556,15454842,2022-08-09
1557,15454843,2022-08-09
1558,15454844,2022-08-09
1559,15454845,2022-08-09
1560,15454846,2022-08-09
1561,15454847,2022-08-09
1562,15454848,2022-08-09
1563,15454849,2022-08-09
1564,15454850,2022-08-09
1565,15454851,2022-08-09
1566,15454852,2022-08-09
1567,15454853,2022-08-09
1568,15454854,2022-08-09
1569,15454855,2022-08-09
1570,15454856,2022-08-09
1571,15454857,2022-08-09
1572,15454858,2022-08-09
1573,15454859,2022-08-09
1574,15454860,2022-08-09
1575,15454861,2022-08-09
1576,15454862,2022-08-09
1577,15454863,2022-08-09
1578,15454864,2022-08-09
1579,15454865,2022-08-09
1580,15454866,2022-08-09
1581,15454867,2022-08-09
1582,15454868,2022-08-09
1583,15454869,2022-08-09
1584,15454870,2022-08-09
1585,15454871,2022-08-09
1586,15454872,2022-08-09
1587,15454873,2022-08-09
1588,15454874,2022-08-09
1589,15454875,2022-08-09
1590,15454876,2022-08-09
1591,15454877,2022-08-09
1592,15454878,2022-08-09
1593,15454879,2022-08-09
1594,15454880,2022-08-09
1595,15454881,2022-08-09
1596,15454882,2022-08-09
1597,15454883,2022-08-09
1598,15454884,2022-08-09
1599,15454885,2022-08-09
1600,15454886,2022-08-09
1601,15454887,2022-08-09
1602,15454888,2022-08-09
1603,15454889,2022-08-09
1604,15454890,2022-08-09
1605,15454891,2022-08-09
1606,15454892,2022-08-09
1607,15454893,2022-08-09
1608,15454894,2022-08-09
1609,15454895,2022-08-09
1610,15454896,2022-08-09
1611,15454897,2022-08-09
1612,15454898,2022-08-09
1613,15454899,2022-08-09
1614,15454900,2022-08-09
1615,15454901,2022-08-09
1616,15454902,2022-08-09
1617,15454903,2022-08-09
1618,15454904,2022-08-09
1619,15454905,2022-08-09
1620,15454906,2022-08-09
1621,15454907,2022-08-09
1622,15454908,2022-08-09
1623,15454909,2022-08-09
1624,15454910,2022-08-09
1625,15454911,2022-08-09
1626,15454912,2022-08-09
1627,15454913,2022-08-09
1628,15454914,2022-08-09
1629,15454915,2022-08-09
1630,15454916,2022-08-09
1631,15454917,2022-08-09
1632,15454918,2022-08-09
1633,15454919,2022-08-09
1634,15454920,2022-08-09
1635,15454921,2022-08-09
1636,15454922,2022-08-09
1637,15454923,2022-08-09
1638,15454924,2022-08-09
1639,15454925,2022-08-09
1640,15454926,2022-08-09
1641,15454927,2022-08-09
1642,15454928,2022-08-09
1643,15454929,2022-08-09
1644,15454930,2022-08-09
1645,15454931,2022-08-09
1646,15454932,2022-08-09
1647,15454933,2022-08-09
1648,15454934,2022-08-09
1649,15454935,2022-08-09
1650,15454936,2022-08-09
1651,15454937,2022-08-09
1652,15454938,2022-08-09
1653,15454939,2022-08-09
1654,15454940,2022-08-09
1655,15454941,2022-08-09
1656,15454942,2022-08-09
1657,15454943,2022-08-09
1658,15454944,2022-08-09
1659,15454945,2022-08-09
1660,15454946,2022-08-09
1661,15454947,2022-08-09
1662,15454948,2022-08-09
1663,15454949,2022-08-09
1664,15454950,2022-08-09
1665,15454951,2022-08-09
1666,15454952,2022-08-09
1667,15454953,2022-08-09
1668,15454954,2022-08-09
1669,15454955,2022-08-09
1670,15454956,2022-08-09
1671,15454957,2022-08-09
1672,15454958,2022-08-09
1673,15454959,2022-08-09
1674,15454960,2022-08-09
1675,15454961,2022-08-09
1676,15454962,2022-08-09
1677,15454963,2022-08-09
1678,15454964,2022-08-09
1679,15454965,2022-08-09
1680,15454966,2022-08-09
1681,15454967,2022-08-09
1682,15454968,2022-08-09
1683,15454969,2022-08-09
1684,15454970,2022-08-09
1685,15454971,2022-08-09
1686,15454972,2022-08-09
1687,15454973,2022-08-09
1688,15454974,2022-08-09
1689,15454975,2022-08-09
1690,15454976,2022-08-09
1691,15454977,2022-08-09
1692,15454978,2022-08-09
1693,15454979,2022-08-09
1694,15454980,2022-08-09
1695,15454981,2022-08-09
1696,15454982,2022-08-09
1697,15454983,2022-08-09
1698,15454984,2022-08-09
1699,15454985,2022-08-09
1700,15454986,2022-08-09
1701,15454987,2022-08-09
1702,15454988,2022-08-09
1703,15454989,2022-08-09
1704,15454990,2022-08-09
1705,15454991,2022-08-09
1706,15454992,2022-08-09
1707,15454993,2022-08-09
1708,15454994,2022-08-09
1709,15454995,2022-08-09
1710,15454996,2022-08-09
1711,15454997,2022-08-09
1712,15454998,2022-08-09
1713,15454999,2022-08-09
1714,15455000,2022-08-09
1715,15455001,2022-08-09
1716,15455002,2022-08-09
1717,15455003,2022-08-09
1718,15455004,2022-08-09
1719,15455005,2022-08-09
1720,15455006,2022-08-09
1721,15455007,2022-08-09
1722,15455008,2022-08-09
1723,15455009,2022-08-09
1724,15455010,2022-08-09
1725,15455011,2022-08-09
1726,15455012,2022-08-09
1727,15455013,2022-08-09
1728,15455014,2022-08-09
1729,15455015,2022-08-09
1730,15455016,2022-08-09
1731,15455017,2022-08-09
1732,15455018,2022-08-09
1733,15455019,2022-08-09
1734,15455020,2022-08-09
1735,15455021,2022-08-09
1736,15455022,2022-08-09
1737,15455023,2022-08-09
1738,15455024,2022-08-09
1739,15455025,2022-08-09
1740,15455026,2022-08-09
1741,15455027,2022-08-09
1742,15455028,2022-08-09
1743,15455029,2022-08-09
1744,15455030,2022-08-09
1745,15455031,2022-08-09
1746,15455032,2022-08-09
1747,15455033,2022-08-09
1748,15455034,2022-08-09
1749,15455035,2022-08-09
1750,15455036,2022-08-09
1751,15455037,2022-08-09
1752,15455038,2022-08-09
1753,15455039,2022-08-09
1754,15455040,2022-08-09
1755,15455041,2022-08-09
1756,15455042,2022-08-09
1757,15455043,2022-08-09
1758,15455044,2022-08-09
1759,15455045,2022-08-09
1760,15455046,2022-08-09
1761,15455047,2022-08-09
1762,15455048,2022-08-09
1763,15455049,2022-08-09
1764,15455050,2022-08-09
1765,15455051,2022-08-09
1766,15455052,2022-08-09
1767,15455053,2022-08-09
1768,15455054,2022-08-09
1769,15455055,2022-08-09
1770,15455056,2022-08-09
1771,15455057,2022-08-09
1772,15455058,2022-08-09
1773,15455059,2022-08-09
1774,15455060,2022-08-09
1775,15455061,2022-08-09
1776,15455062,2022-08-09
1777,15455063,2022-08-09
1778,15455064,2022-08-09
1779,15455065,2022-08-09
1780,15455066,2022-08-09
1781,15455067,2022-08-09
1782,15455068,2022-08-09
1783,15455069,2022-08-09
1784,15455070,2022-08-09
1785,15455071,2022-08-09
1786,15455072,2022-08-09
1787,15455073,2022-08-09
1788,15455074,2022-08-09
1789,15455075,2022-08-09
1790,15455076,2022-08-09
1791,15455077,2022-08-09
1792,15455078,2022-08-09
1793,15455079,2022-08-09
1794,15455080,2022-08-09
1795,15455081,2022-08-09
1796,15455082,2022-08-09
1797,15455083,2022-08-09
1798,15455084,2022-08-09
1799,15455085,2022-08-09
1800,15455086,2022-08-09
1801,15455087,2022-08-09
1802,15455088,2022-08-09
1803,15455089,2022-08-09
1804,15455090,2022-08-09
1805,15455091,2022-08-09
1806,15455092,2022-08-09
1807,15455093,2022-08-09
1808,15455094,2022-08-09
1809,15455095,2022-08-09
1810,15455096,2022-08-09
1811,15455097,2022-08-09
1812,15455098,2022-08-09
1813,15455099,2022-08-09
1814,15455100,2022-08-09
1815,15455101,2022-08-09
1816,15455102,2022-08-09
1817,15455103,2022-08-09
1818,15455104,2022-08-09
1819,15455105,2022-08-09
1820,15455106,2022-08-09
1821,15455107,2022-08-09
1822,15455108,2022-08-09
1823,15455109,2022-08-09
1824,15455110,2022-08-09
1825,15455111,2022-08-09
1826,15455112,2022-08-09
1827,15455113,2022-08-09
1828,15455114,2022-08-09
1829,15455115,2022-08-09
1830,15455116,2022-08-09
1831,15455117,2022-08-09
1832,15455118,2022-08-09
1833,15455119,2022-08-09
1834,15455120,2022-08-09
1835,15455121,2022-08-09
1836,15455122,2022-08-09
1837,15455123,2022-08-09
1838,15455124,2022-08-09
1839,15455125,2022-08-09
1840,15455126,2022-08-09
1841,15455127,2022-08-09
1842,15455128,2022-08-09
1843,15455129,2022-08-09
1844,15455130,2022-08-09
1845,15455131,2022-08-09
1846,15455132,2022-08-09
1847,15455133,2022-08-09
1848,15455134,2022-08-09
1849,15455135,2022-08-09
1850,15455136,2022-08-09
1851,15455137,2022-08-09
1852,15455138,2022-08-09
1853,15455139,2022-08-09
1854,15455140,2022-08-09
1855,15455141,2022-08-09
1856,15455142,2022-08-09
1857,15455143,2022-08-09
1858,15455144,2022-08-09
1859,15455145,2022-08-09
1860,15455146,2022-08-09
1861,15455147,2022-08-09
1862,15455148,2022-08-09
1863,15455149,2022-08-09
1864,15455150,2022-08-09
1865,15455151,2022-08-09
1866,15455152,2022-08-09
1867,15455153,2022-08-09
1868,15455154,2022-08-09
1869,15455155,2022-08-09
1870,15455156,2022-08-09
1871,15455157,2022-08-09
1872,15455158,2022-08-09
1873,15455159,2022-08-09
1874,15455160,2022-08-09
1875,15455161,2022-08-09
1876,15455162,2022-08-09
1877,15455163,2022-08-09
1878,15455164,2022-08-09
1879,15455165,2022-08-09
1880,15455166,2022-08-09
1881,15455167,2022-08-09
1882,15455168,2022-08-09
1883,15455169,2022-08-09
1884,15455170,2022-08-09
1885,15455171,2022-08-09
1886,15455172,2022-08-09
1887,15455173,2022-08-09
1888,15455174,2022-08-09
1889,15455175,2022-08-09
1890,15455176,2022-08-09
1891,15455177,2022-08-09
1892,15455178,2022-08-09
1893,15455179,2022-08-09
1894,15455180,2022-08-09
1895,15455181,2022-08-09
1896,15455182,2022-08-09
1897,15455183,2022-08-09
1898,15455184,2022-08-09
1899,15455185,2022-08-09
1900,15455186,2022-08-09
1901,15455187,2022-08-09
1902,15455188,2022-08-09
1903,15455189,2022-08-09
1904,15455190,2022-08-09
1905,15455191,2022-08-09
1906,15455192,2022-08-09
1907,15455193,2022-08-09
1908,15455194,2022-08-09
1909,15455195,2022-08-09
1910,15455196,2022-08-09
1911,15455197,2022-08-09
1912,15455198,2022-08-09
1913,15455199,2022-08-09
1914,15455200,2022-08-09
1915,15455201,2022-08-09
1916,15455202,2022-08-09
1917,15455203,2022-08-09
1918,15455204,2022-08-09
1919,15455205,2022-08-09
1920,15455206,2022-08-09
1921,15455207,2022-08-09
1922,15455208,2022-08-09
1923,15455209,2022-08-09
1924,15455210,2022-08-09
1925,15455211,2022-08-09
1926,15455212,2022-08-09
1927,15455213,2022-08-09
1928,15455214,2022-08-09
1929,15455215,2022-08-09
1930,15455216,2022-08-09
1931,15455217,2022-08-09
1932,15455218,2022-08-09
1933,15455219,2022-08-09
1934,15455220,2022-08-09
1935,15455221,2022-08-09
1936,15455222,2022-08-09
1937,15455223,2022-08-09
1938,15455224,2022-08-09
1939,15455225,2022-08-09
1940,15455226,2022-08-09
1941,15455227,2022-08-09
1942,15455228,2022-08-09
1943,15455229,2022-08-09
1944,15455230,2022-08-09
1945,15455231,2022-08-09
1946,15455232,2022-08-09
1947,15455233,2022-08-09
1948,15455234,2022-08-09
1949,15455235,2022-08-09
1950,15455236,2022-08-09
1951,15455237,2022-08-09
1952,15455238,2022-08-09
1953,15455239,2022-08-09
1954,15455240,2022-08-09
1955,15455241,2022-08-09
1956,15455242,2022-08-09
1957,15455243,2022-08-09
1958,15455244,2022-08-09
1959,15455245,2022-08-09
1960,15455246,2022-08-09
1961,15455247,2022-08-09
1962,15455248,2022-08-09
1963,15455249,2022-08-09
1964,15455250,2022-08-09
1965,15455251,2022-08-09
1966,15455252,2022-08-09
1967,15455253,2022-08-09
1968,15455254,2022-08-09
1969,15455255,2022-08-09
1970,15455256,2022-08-09
1971,15455257,2022-08-09
1972,15455258,2022-08-09
1973,15455259,2022-08-09
1974,15455260,2022-08-09
1975,15455261,2022-08-09
1976,15455262,2022-08-09
1977,15455263,2022-08-09
1978,15455264,2022-08-09
1979,15455265,2022-08-09
1980,15455266,2022-08-09
1981,15455267,2022-08-09
1982,15455268,2022-08-09
1983,15455269,2022-08-09
1984,15455270,2022-08-09
1985,15455271,2022-08-09
1986,15455272,2022-08-09
1987,15455273,2022-08-09
1988,15455274,2022-08-09
1989,15455275,2022-08-09
1990,15455276,2022-08-09
1991,15455277,2022-08-09
1992,15455278,2022-08-09
1993,15455279,2022-08-09
1994,15455280,2022-08-09
1995,15455281,2022-08-09
1996,15455282,2022-08-09
1997,15455283,2022-08-09
1998,15455284,2022-08-09
1999,15455285,2022-08-09
2000,15455286,2022-08-09
2001,15455287,2022-08-09
2002,15455288,2022-08-09
2003,15455289,2022-08-09
2004,15455290,2022-08-09
2005,15455291,2022-08-09
2006,15455292,2022-08-09
2007,15455293,2022-08-09
2008,15455294,2022-08-09
2009,15455295,2022-08-09
2010,15455296,2022-08-09
2011,15455297,2022-08-09
2012,15455298,2022-08-09
2013,15455299,2022-08-09
2014,15455300,2022-08-09
2015,15455301,2022-08-09
2016,15455302,2022-08-09
2017,15455303,2022-08-09
2018,15455304,2022-08-09
2019,15455305,2022-08-09
2020,15455306,2022-08-09
2021,15455307,2022-08-09
2022,15455308,2022-08-09
2023,15455309,2022-08-09
2024,15455310,2022-08-09
2025,15455311,2022-08-09
2026,15455312,2022-08-09
2027,15455313,2022-08-09
2028,15455314,2022-08-09
2029,15455315,2022-08-09
2030,15455316,2022-08-09
2031,15455317,2022-08-09
2032,15455318,2022-08-09
2033,15455319,2022-08-09
2034,15455320,2022-08-09
2035,15455321,2022-08-09
2036,15455322,2022-08-09
2037,15455323,2022-08-09
2038,15455324,2022-08-09
2039,15455325,2022-08-09
2040,15455326,2022-08-09
2041,15455327,2022-08-09
2042,15455328,2022-08-09
2043,15455329,2022-08-09
2044,15455330,2022-08-09
2045,15455331,2022-08-09
2046,15455332,2022-08-09
2047,15455333,2022-08-09
2048,15455334,2022-08-09
2049,15455335,2022-08-09
2050,15455336,2022-08-09
2051,15455337,2022-08-09
2052,15455338,2022-08-09
2053,15455339,2022-08-09
2054,15455340,2022-08-09
2055,15455341,2022-08-09
2056,15455342,2022-08-09
2057,15455343,2022-08-09
2058,15455344,2022-08-09
2059,15455345,2022-08-09
2060,15455346,2022-08-09
2061,15455347,2022-08-09
2062,15455348,2022-08-09
2063,15455349,2022-08-09
2064,15455350,2022-08-09
2065,15455351,2022-08-09
2066,15455352,2022-08-09
2067,15455353,2022-08-09
2068,15455354,2022-08-09
2069,15455355,2022-08-09
2070,15455356,2022-08-09
2071,15455357,2022-08-09
2072,15455358,2022-08-09
2073,15455359,2022-08-09
2074,15455360,2022-08-09
2075,15455361,2022-08-09
2076,15455362,2022-08-09
2077,15455363,2022-08-09
2078,15455364,2022-08-09
2079,15455365,2022-08-09
2080,15455366,2022-08-09
2081,15455367,2022-08-09
2082,15455368,2022-08-09
2083,15455369,2022-08-09
2084,15455370,2022-08-09
2085,15455371,2022-08-09
2086,15455372,2022-08-09
2087,15455373,2022-08-09
2088,15455374,2022-08-09
2089,15455375,2022-08-09
2090,15455376,2022-08-09
2091,15455377,2022-08-09
2092,15455378,2022-08-09
2093,15455379,2022-08-09
2094,15455380,2022-08-09
2095,15455381,2022-08-09
2096,15455382,2022-08-09
2097,15455383,2022-08-09
2098,15455384,2022-08-09
2099,15455385,2022-08-09
2100,15455386,2022-08-09
2101,15455387,2022-08-09
2102,15455388,2022-08-09
2103,15455389,2022-08-09
2104,15455390,2022-08-09
2105,15455391,2022-08-09
2106,15455392,2022-08-09
2107,15455393,2022-08-09
2108,15455394,2022-08-09
2109,15455395,2022-08-09
2110,15455396,2022-08-09
2111,15455397,2022-08-09
2112,15455398,2022-08-09
2113,15455399,2022-08-09
2114,15455400,2022-08-09
2115,15455401,2022-08-09
2116,15455402,2022-08-09
2117,15455403,2022-08-09
2118,15455404,2022-08-09
2119,15455405,2022-08-09
2120,15455406,2022-08-09
2121,15455407,2022-08-09
2122,15455408,2022-08-09
2123,15455409,2022-08-09
2124,15455410,2022-08-09
2125,15455411,2022-08-09
2126,15455412,2022-08-09
2127,15455413,2022-08-09
2128,15455414,2022-08-09
2129,15455415,2022-08-09
2130,15455416,2022-08-09
2131,15455417,2022-08-09
2132,15455418,2022-08-09
2133,15455419,2022-08-09
2134,15455420,2022-08-09
2135,15455421,2022-08-09
2136,15455422,2022-08-09
2137,15455423,2022-08-09
2138,15455424,2022-08-09
2139,15455425,2022-08-09
2140,15455426,2022-08-09
2141,15455427,2022-08-09
2142,15455428,2022-08-09
2143,15455429,2022-08-09
2144,15455430,2022-08-09
2145,15455431,2022-08-09
2146,15455432,2022-08-09
2147,15455433,2022-08-09
2148,15455434,2022-08-09
2149,15455435,2022-08-09
2150,15455436,2022-08-09
2151,15455437,2022-08-09
2152,15455438,2022-08-09
2153,15455439,2022-08-09
2154,15455440,2022-08-09
2155,15455441,2022-08-09
2156,15455442,2022-08-09
2157,15455443,2022-08-09
2158,15455444,2022-08-09
2159,15455445,2022-08-09
2160,15455446,2022-08-09
2161,15455447,2022-08-09
2162,15455448,2022-08-09
2163,15455449,2022-08-09
2164,15455450,2022-08-09
2165,15455451,2022-08-09
2166,15455452,2022-08-09
2167,15455453,2022-08-09
2168,15455454,2022-08-09
2169,15455455,2022-08-09
2170,15455456,2022-08-09
2171,15455457,2022-08-09
2172,15455458,2022-08-09
2173,15455459,2022-08-09
2174,15455460,2022-08-09
2175,15455461,2022-08-09
2176,15455462,2022-08-09
2177,15455463,2022-08-09
2178,15455464,2022-08-09
2179,15455465,2022-08-09
2180,15455466,2022-08-09
2181,15455467,2022-08-09
2182,15455468,2022-08-09
2183,15455469,2022-08-09
2184,15455470,2022-08-09
2185,15455471,2022-08-09
2186,15455472,2022-08-09
2187,15455473,2022-08-09
2188,15455474,2022-08-09
2189,15455475,2022-08-09
2190,15455476,2022-08-09
2191,15455477,2022-08-09
2192,15455478,2022-08-09
2193,15455479,2022-08-09
2194,15455480,2022-08-09
2195,15455481,2022-08-09
2196,15455482,2022-08-09
2197,15455483,2022-08-09
2198,15455484,2022-08-09
2199,15455485,2022-08-09
2200,15455486,2022-08-09
2201,15455487,2022-08-09
2202,15455488,2022-08-09
2203,15455489,2022-08-09
2204,15455490,2022-08-09
2205,15455491,2022-08-09
2206,15455492,2022-08-09
2207,15455493,2022-08-09
2208,15455494,2022-08-09
2209,15455495,2022-08-09
2210,15455496,2022-08-09
2211,15455497,2022-08-09
2212,15455498,2022-08-09
2213,15455499,2022-08-09
2214,15455500,2022-08-09
2215,15455501,2022-08-09
2216,15455502,2022-08-09
2217,15455503,2022-08-09
2218,15455504,2022-08-09
2219,15455505,2022-08-09
2220,15455506,2022-08-09
2221,15455507,2022-08-09
2222,15455508,2022-08-09
2223,15455509,2022-08-09
2224,15455510,2022-08-09
2225,15455511,2022-08-09
2226,15455512,2022-08-09
2227,15455513,2022-08-09
2228,15455514,2022-08-09
2229,15455515,2022-08-09
2230,15455516,2022-08-09
2231,15455517,2022-08-09
2232,15455518,2022-08-09
2233,15455519,2022-08-09
2234,15455520,2022-08-09
2235,15455521,2022-08-09
2236,15455522,2022-08-09
2237,15455523,2022-08-09
2238,15455524,2022-08-09
2239,15455525,2022-08-09
2240,15455526,2022-08-09
2241,15455527,2022-08-09
2242,15455528,2022-08-09
2243,15455529,2022-08-09
2244,15455530,2022-08-09
2245,15455531,2022-08-09
2246,15455532,2022-08-09
2247,15455533,2022-08-09
2248,15455534,2022-08-09
2249,15455535,2022-08-09
2250,15455536,2022-08-09
2251,15455537,2022-08-09
2252,15455538,2022-08-09
2253,15455539,2022-08-09
2254,15455540,2022-08-09
2255,15455541,2022-08-09
2256,15455542,2022-08-09
2257,15455543,2022-08-09
2258,15455544,2022-08-09
2259,15455545,2022-08-09
2260,15455546,2022-08-09
2261,15455547,2022-08-09
2262,15455548,2022-08-09
2263,15455549,2022-08-09
2264,15455550,2022-08-09
2265,15455551,2022-08-09
2266,15455552,2022-08-09
2267,15455553,2022-08-09
2268,15455554,2022-08-09
2269,15455555,2022-08-09
2270,15455556,2022-08-09
2271,15455557,2022-08-09
2272,15455558,2022-08-09
2273,15455559,2022-08-09
2274,15455560,2022-08-09
2275,15455561,2022-08-09
2276,15455562,2022-08-09
2277,15455563,2022-08-09
2278,15455564,2022-08-09
2279,15455565,2022-08-09
2280,15455566,2022-08-09
2281,15455567,2022-08-09
2282,15455568,2022-08-09
2283,15455569,2022-08-09
2284,15455570,2022-08-09
2285,15455571,2022-08-09
2286,15455572,2022-08-09
2287,15455573,2022-08-09
2288,15455574,2022-08-09
2289,15455575,2022-08-09
2290,15455576,2022-08-09
2291,15455577,2022-08-09
2292,15455578,2022-08-09
2293,15455579,2022-08-09
2294,15455580,2022-08-09
2295,15455581,2022-08-09
2296,15455582,2022-08-09
2297,15455583,2022-08-09
2298,15455584,2022-08-09
2299,15455585,2022-08-09
2300,15455586,2022-08-09
2301,15455587,2022-08-09
2302,15455588,2022-08-09
2303,15455589,2022-08-09
2304,15455590,2022-08-09
2305,15455591,2022-08-09
2306,15455592,2022-08-09
2307,15455593,2022-08-09
2308,15455594,2022-08-09
2309,15455595,2022-08-09
2310,15455596,2022-08-09
2311,15455597,2022-08-09
2312,15455598,2022-08-09
2313,15455599,2022-08-09
2314,15455600,2022-08-09
2315,15455601,2022-08-09
2316,15455602,2022-08-09
2317,15455603,2022-08-09
2318,15455604,2022-08-09
2319,15455605,2022-08-09
2320,15455606,2022-08-09
2321,15455607,2022-08-09
2322,15455608,2022-08-09
2323,15455609,2022-08-09
2324,15455610,2022-08-09
2325,15455611,2022-08-09
2326,15455612,2022-08-09
2327,15455613,2022-08-09
2328,15455614,2022-08-09
2329,15455615,2022-08-09
2330,15455616,2022-08-09
2331,15455617,2022-08-09
2332,15455618,2022-08-09
2333,15455619,2022-08-09
2334,15455620,2022-08-09
2335,15455621,2022-08-09
2336,15455622,2022-08-09
2337,15455623,2022-08-09
2338,15455624,2022-08-09
2339,15455625,2022-08-09
2340,15455626,2022-08-09
2341,15455627,2022-08-09
2342,15455628,2022-08-09
2343,15455629,2022-08-09
2344,15455630,2022-08-09
2345,15455631,2022-08-09
2346,15455632,2022-08-09
2347,15455633,2022-08-09
2348,15455634,2022-08-09
2349,15455635,2022-08-09
2350,15455636,2022-08-09
2351,15455637,2022-08-09
2352,15455638,2022-08-09
2353,15455639,2022-08-09
2354,15455640,2022-08-09
2355,15455641,2022-08-09
2356,15455642,2022-08-09
2357,15455643,2022-08-09
2358,15455644,2022-08-09
2359,15455645,2022-08-09
2360,15455646,2022-08-09
2361,15455647,2022-08-09
2362,15455648,2022-08-09
2363,15455649,2022-08-09
2364,15455650,2022-08-09
2365,15455651,2022-08-09
2366,15455652,2022-08-09
2367,15455653,2022-08-09
2368,15455654,2022-08-09
2369,15455655,2022-08-09
2370,15455656,2022-08-09
2371,15455657,2022-08-09
2372,15455658,2022-08-09
2373,15455659,2022-08-09
2374,15455660,2022-08-09
2375,15455661,2022-08-09
2376,15455662,2022-08-09
2377,15455663,2022-08-09
2378,15455664,2022-08-09
2379,15455665,2022-08-09
2380,15455666,2022-08-09
2381,15455667,2022-08-09
2382,15455668,2022-08-09
2383,15455669,2022-08-09
2384,15455670,2022-08-09
2385,15455671,2022-08-09
2386,15455672,2022-08-09
2387,15455673,2022-08-09
2388,15455674,2022-08-09
2389,15455675,2022-08-09
2390,15455676,2022-08-09
2391,15455677,2022-08-09
2392,15455678,2022-08-09
2393,15455679,2022-08-09
2394,15455680,2022-08-09
2395,15455681,2022-08-09
2396,15455682,2022-08-09
2397,15455683,2022-08-09
2398,15455684,2022-08-09
2399,15455685,2022-08-09
2400,15455686,2022-08-09
2401,15455687,2022-08-09
2402,15455688,2022-08-09
2403,15455689,2022-08-09
2404,15455690,2022-08-09
2405,15455691,2022-08-09
2406,15455692,2022-08-09
2407,15455693,2022-08-09
2408,15455694,2022-08-09
2409,15455695,2022-08-09
2410,15455696,2022-08-09
2411,15455697,2022-08-09
2412,15455698,2022-08-09
2413,15455699,2022-08-09
2414,15455700,2022-08-09
2415,15455701,2022-08-09
2416,15455702,2022-08-09
2417,15455703,2022-08-09
2418,15455704,2022-08-09
2419,15455705,2022-08-09
2420,15455706,2022-08-09
2421,15455707,2022-08-09
2422,15455708,2022-08-09
2423,15455709,2022-08-09
2424,15455710,2022-08-09
2425,15455711,2022-08-09
2426,15455712,2022-08-09
2427,15455713,2022-08-09
2428,15455714,2022-08-09
2429,15455715,2022-08-09
2430,15455716,2022-08-09
2431,15455717,2022-08-09
2432,15455718,2022-08-09
2433,15455719,2022-08-09
2434,15455720,2022-08-09
2435,15455721,2022-08-09
2436,15455722,2022-08-09
2437,15455723,2022-08-09
2438,15455724,2022-08-09
2439,15455725,2022-08-09
2440,15455726,2022-08-09
2441,15455727,2022-08-09
2442,15455728,2022-08-09
2443,15455729,2022-08-09
2444,15455730,2022-08-09
2445,15455731,2022-08-09
2446,15455732,2022-08-09
2447,15455733,2022-08-09
2448,15455734,2022-08-09
2449,15455735,2022-08-09
2450,15455736,2022-08-09
2451,15455737,2022-08-09
2452,15455738,2022-08-09
2453,15455739,2022-08-09
2454,15455740,2022-08-09
2455,15455741,2022-08-09
2456,15455742,2022-08-09
2457,15455743,2022-08-09
2458,15455744,2022-08-09
2459,15455745,2022-08-09
2460,15455746,2022-08-09
2461,15455747,2022-08-09
2462,15455748,2022-08-09
2463,15455749,2022-08-09
2464,15455750,2022-08-09
2465,15455751,2022-08-09
2466,15455752,2022-08-09
2467,15455753,2022-08-09
2468,15455754,2022-08-09
2469,15455755,2022-08-09
2470,15455756,2022-08-09
2471,15455757,2022-08-09
2472,15455758,2022-08-09
2473,15455759,2022-08-09
2474,15455760,2022-08-09
2475,15455761,2022-08-09
2476,15455762,2022-08-09
2477,15455763,2022-08-09
2478,15455764,2022-08-09
2479,15455765,2022-08-09
2480,15455766,2022-08-09
2481,15455767,2022-08-09
2482,15455768,2022-08-09
2483,15455769,2022-08-09
2484,15455770,2022-08-09
2485,15455771,2022-08-09
2486,15455772,2022-08-09
2487,15455773,2022-08-09
2488,15455774,2022-08-09
2489,15455775,2022-08-09
2490,15455776,2022-08-09
2491,15455777,2022-08-09
2492,15455778,2022-08-09
2493,15455779,2022-08-09
2494,15455780,2022-08-09
2495,15455781,2022-08-09
2496,15455782,2022-08-09
2497,15455783,2022-08-09
2498,15455784,2022-08-09
2499,15455785,2022-08-09
2500,15455786,2022-08-09
2501,15455787,2022-08-09
2502,15455788,2022-08-09
2503,15455789,2022-08-09
2504,15455790,2022-08-09
2505,15455791,2022-08-09
2506,15455792,2022-08-09
2507,15455793,2022-08-09
2508,15455794,2022-08-09
2509,15455795,2022-08-09
2510,15455796,2022-08-09
2511,15455797,2022-08-09
2512,15455798,2022-08-09
2513,15455799,2022-08-09
2514,15455800,2022-08-09
2515,15455801,2022-08-09
2516,15455802,2022-08-09
2517,15455803,2022-08-09
2518,15455804,2022-08-09
2519,15455805,2022-08-09
2520,15455806,2022-08-09
2521,15455807,2022-08-09
2522,15455808,2022-08-09
2523,15455809,2022-08-09
2524,15455810,2022-08-09
2525,15455811,2022-08-09
2526,15455812,2022-08-09
2527,15455813,2022-08-09
2528,15455814,2022-08-09
2529,15455815,2022-08-09
2530,15455816,2022-08-09
2531,15455817,2022-08-09
2532,15455818,2022-08-09
2533,15455819,2022-08-09
2534,15455820,2022-08-09
2535,15455821,2022-08-09
2536,15455822,2022-08-09
2537,15455823,2022-08-09
2538,15455824,2022-08-09
2539,15455825,2022-08-09
2540,15455826,2022-08-09
2541,15455827,2022-08-09
2542,15455828,2022-08-09
2543,15455829,2022-08-09
2544,15455830,2022-08-09
2545,15455831,2022-08-09
2546,15455832,2022-08-09
2547,15455833,2022-08-09
2548,15455834,2022-08-09
2549,15455835,2022-08-09
2550,15455836,2022-08-09
2551,15455837,2022-08-09
2552,15455838,2022-08-09
2553,15455839,2022-08-09
2554,15455840,2022-08-09
2555,15455841,2022-08-09
2556,15455842,2022-08-09
2557,15455843,2022-08-09
2558,15455844,2022-08-09
2559,15455845,2022-08-09
2560,15455846,2022-08-09
2561,15455847,2022-08-09
2562,15455848,2022-08-09
2563,15455849,2022-08-09
2564,15455850,2022-08-09
2565,15455851,2022-08-09
2566,15455852,2022-08-09
2567,15455853,2022-08-09
2568,15455854,2022-08-09
2569,15455855,2022-08-09
2570,15455856,2022-08-09
2571,15455857,2022-08-09
2572,15455858,2022-08-09
2573,15455859,2022-08-09
2574,15455860,2022-08-09
2575,15455861,2022-08-09
2576,15455862,2022-08-09
2577,15455863,2022-08-09
2578,15455864,2022-08-09
2579,15455865,2022-08-09
2580,15455866,2022-08-09
2581,15455867,2022-08-09
2582,15455868,2022-08-09
2583,15455869,2022-08-09
2584,15455870,2022-08-09
2585,15455871,2022-08-09
2586,15455872,2022-08-09
2587,15455873,2022-08-09
2588,15455874,2022-08-09
2589,15455875,2022-08-09
2590,15455876,2022-08-09
2591,15455877,2022-08-09
2592,15455878,2022-08-09
2593,15455879,2022-08-09
2594,15455880,2022-08-09
2595,15455881,2022-08-09
2596,15455882,2022-08-09
2597,15455883,2022-08-09
2598,15455884,2022-08-09
2599,15455885,2022-08-09
2600,15455886,2022-08-09
2601,15455887,2022-08-09
2602,15455888,2022-08-09
2603,15455889,2022-08-09
2604,15455890,2022-08-09
2605,15455891,2022-08-09
2606,15455892,2022-08-09
2607,15455893,2022-08-09
2608,15455894,2022-08-09
2609,15455895,2022-08-09
2610,15455896,2022-08-09
2611,15455897,2022-08-09
2612,15455898,2022-08-09
2613,15455899,2022-08-09
2614,15455900,2022-08-09
2615,15455901,2022-08-09
2616,15455902,2022-08-09
2617,15455903,2022-08-09
2618,15455904,2022-08-09
2619,15455905,2022-08-09
2620,15455906,2022-08-09
2621,15455907,2022-08-09
2622,15455908,2022-08-09
2623,15455909,2022-08-09
2624,15455910,2022-08-09
2625,15455911,2022-08-09
2626,15455912,2022-08-09
2627,15455913,2022-08-09
2628,15455914,2022-08-09
2629,15455915,2022-08-09
2630,15455916,2022-08-09
2631,15455917,2022-08-09
2632,15455918,2022-08-09
2633,15455919,2022-08-09
2634,15455920,2022-08-09
2635,15455921,2022-08-09
2636,15455922,2022-08-09
2637,15455923,2022-08-09
2638,15455924,2022-08-09
2639,15455925,2022-08-09
2640,15455926,2022-08-09
2641,15455927,2022-08-09
2642,15455928,2022-08-09
2643,15455929,2022-08-09
2644,15455930,2022-08-09
2645,15455931,2022-08-09
2646,15455932,2022-08-09
2647,15455933,2022-08-09
2648,15455934,2022-08-09
2649,15455935,2022-08-09
2650,15455936,2022-08-09
2651,15455937,2022-08-09
2652,15455938,2022-08-09
2653,15455939,2022-08-09
2654,15455940,2022-08-09
2655,15455941,2022-08-09
2656,15455942,2022-08-09
2657,15455943,2022-08-09
2658,15455944,2022-08-09
2659,15455945,2022-08-09
2660,15455946,2022-08-09
2661,15455947,2022-08-09
2662,15455948,2022-08-09
2663,15455949,2022-08-09
2664,15455950,2022-08-09
2665,15455951,2022-08-09
2666,15455952,2022-08-09
2667,15455953,2022-08-09
2668,15455954,2022-08-09
2669,15455955,2022-08-09
2670,15455956,2022-08-09
2671,15455957,2022-08-09
2672,15455958,2022-08-09
2673,15455959,2022-08-09
2674,15455960,2022-08-09
2675,15455961,2022-08-09
2676,15455962,2022-08-09
2677,15455963,2022-08-09
2678,15455964,2022-08-09
2679,15455965,2022-08-09
2680,15455966,2022-08-09
2681,15455967,2022-08-09
2682,15455968,2022-08-09
2683,15455969,2022-08-09
2684,15455970,2022-08-09
2685,15455971,2022-08-09
2686,15455972,2022-08-09
2687,15455973,2022-08-09
2688,15455974,2022-08-09
2689,15455975,2022-08-09
2690,15455976,2022-08-09
2691,15455977,2022-08-09
2692,15455978,2022-08-09
2693,15455979,2022-08-09
2694,15455980,2022-08-09
2695,15455981,2022-08-09
2696,15455982,2022-08-09
2697,15455983,2022-08-10
2698,15455984,2022-08-11
2699,15455985,2022-08-10
2700,15455986,2022-08-11
2701,15455987,2022-08-10
2702,15455988,2022-08-11
2703,15455989,2022-08-10
2704,15455990,2022-08-11
2705,15455991,2022-08-10
2706,15455992,2022-08-11
2707,15455993,2022-08-10
2708,15455994,2022-08-11
2709,15455995,2022-08-10
2710,15455996,2022-08-11
2711,15455997,2022-08-10
2712,15455998,2022-08-11
2713,15455999,2022-08-10
2714,15456000,2022-08-11
2715,15456001,2022-08-10
2716,15456002,2022-08-11
2717,15456003,2022-08-10
2718,15456004,2022-08-11
2719,15456005,2022-08-10
2720,15456006,2022-08-11
2721,15456007,2022-08-10
2722,15456008,2022-08-11
2723,15456009,2022-08-10
2724,15456010,2022-08-11
2725,15456011,2022-08-10
2726,15456012,2022-08-11
2727,15456013,2022-08-10
2728,15456014,2022-08-11
2729,15456015,2022-08-10
2730,15456016,2022-08-11
2731,15456017,2022-08-10
2732,15456018,2022-08-11
2733,15456019,2022-08-12
2734,15456020,2022-08-13
2735,15456021,2022-08-14
2736,15456022,2022-08-15
2737,15456023,2022-08-16
2738,15456024,2022-08-17
2739,15456025,2022-08-18
2740,15456026,2022-08-19
2741,15456027,2022-08-20
2742,15456028,2022-08-21
2743,15456029,2022-08-22
2744,15456030,2022-08-23
2745,15456031,2022-08-24
2746,15456032,2022-08-25
2747,15456033,2022-08-26
2748,15456034,2022-08-27
2749,15456035,2022-08-28
2750,15456036,2022-08-29
2751,15456037,2022-08-30
2752,15456038,2022-08-31
2753,15456039,2022-09-01
2754,15456040,2022-09-02
2755,15456041,2022-09-03
2756,15456042,2022-09-04
2757,15456043,2022-09-05
2758,15456044,2022-09-06
2759,15456045,2022-09-07
2760,15456046,2022-09-08
2761,15456047,2022-09-09
2762,15456048,2022-09-10
2763,15456049,2022-09-11
2764,15456050,2022-09-12
2765,15456051,2022-09-13
2766,15456052,2022-09-14
2767,15456053,2022-09-15
2768,15456054,2022-09-16
2769,15456055,2022-09-17
2770,15456056,2022-09-18
2771,15456057,2022-09-19
2772,15456058,2022-09-20
2773,15456059,2022-09-21
2774,15456060,2022-09-22
2775,15456061,2022-09-23
2776,15456062,2022-09-24
2777,15456063,2022-09-25
2778,15456064,2022-09-26
2779,15456065,2022-09-27
2780,15456066,2022-09-28
2781,15456067,2022-09-29
2782,15456068,2022-09-30
2783,15456069,2022-10-01
2784,15456070,2022-10-02
2785,15456071,2022-10-03
2786,15456072,2022-10-04
2787,15456073,2022-10-05
2788,15456074,2022-10-06
2789,15456075,2022-10-07
2790,15456076,2022-10-08
2791,15456077,2022-10-09
2792,15456078,2022-10-10
2793,15456079,2022-10-11
2794,15456080,2022-10-12
2795,15456081,2022-10-13
2796,15456082,2022-10-14
2797,15456083,2022-10-15
2798,15456084,2022-10-16
2799,15456085,2022-10-17
2800,15456086,2022-10-18
2801,15456087,2022-10-19
2802,15456088,2022-10-20
2803,15456089,2022-10-21
2804,15456090,2022-10-22
2805,15456091,2022-10-23
2806,15456092,2022-10-24
2807,15456093,2022-10-25
2808,15456094,2022-10-26
2809,15456095,2022-10-27
2810,15456096,2022-10-28
2811,15456097,2022-10-29
2812,15456098,2022-10-30
2813,15456099,2022-10-31
2814,15456100,2022-11-01
2815,15456101,2022-11-02
2816,15456102,2022-11-03
2817,15456103,2022-11-04
2818,15456104,2022-11-05
2819,15456105,2022-11-06
2820,15456106,2022-11-07
2821,15456107,2022-11-08
2822,15456108,2022-11-09
2823,15456109,2022-11-10
2824,15456110,2022-11-11
2825,15456111,2022-11-12
2826,15456112,2022-11-13
2827,15456113,2022-11-14
2828,15456114,2022-11-15
2829,15456115,2022-11-16
2830,15456116,2022-11-17
2831,15456117,2022-11-18
2832,15456118,2022-11-19
2833,15456119,2022-11-20
2834,15456120,2022-11-21
2835,15456121,2022-11-22
2836,15456122,2022-11-23
2837,15456123,2022-11-24
2838,15456124,2022-11-25
2839,15456125,2022-11-26
2840,15456126,2022-11-27
2841,15456127,2022-11-28
2842,15456128,2022-11-29
2843,15456129,2022-11-30
2844,15456130,2022-12-01
2845,15456131,2022-12-02
2846,15456132,2022-12-03
2847,15456133,2022-12-04
2848,15456134,2022-12-05
2849,15456135,2022-12-06
2850,15456136,2022-12-07
2851,15456137,2022-12-08
2852,15456138,2022-12-09
2853,15456139,2022-12-10
2854,15456140,2022-12-11
2855,15456141,2022-12-12
2856,15456142,2022-12-13
2857,15456143,2022-12-14
2858,15456144,2022-12-15
2859,15456145,2022-12-16
2860,15456146,2022-12-17
2861,15456147,2022-12-18
2862,15456148,2022-12-19
2863,15456149,2022-12-20
2864,15456150,2022-12-21
2865,15456151,2022-12-22
2866,15456152,2022-12-23
2867,15456153,2022-12-24
2868,15456154,2022-12-25
2869,15456155,2022-12-26
2870,15456156,2022-12-27
2871,15456157,2022-12-28
2872,15456158,2022-12-29
2873,15456159,2022-12-30
2874,15456160,2022-12-31
2875,15456161,2023-01-01
2876,15456162,2023-01-02
2877,15456163,2023-01-03
2878,15456164,2023-01-04
2879,15456165,2023-01-05
2880,15456166,2023-01-06
2881,15456167,2023-01-07
2882,15456168,2023-01-08
2883,15456169,2023-01-09
2884,15456170,2023-01-10
2885,15456171,2023-01-11
2886,15456172,2023-01-12
2887,15456173,2023-01-13
2888,15456174,2023-01-14
2889,15456175,2023-01-15
2890,15456176,2023-01-16
2891,15456177,2023-01-17
2892,15456178,2023-01-18
2893,15456179,2023-01-19
2894,15456180,2023-01-20
2895,15456181,2023-01-21
2896,15456182,2023-01-22
2897,15456183,2023-01-23
2898,15456184,2023-01-24
2899,15456185,2023-01-25
2900,15456186,2023-01-26
2901,15456187,2023-01-27
2902,15456188,2023-01-28
2903,15456189,2023-01-29
2904,15456190,2023-01-30
2905,15456191,2023-01-31
2906,15456192,2023-02-01
2907,15456193,2023-02-02
2908,15456194,2023-02-03
2909,15456195,2023-02-04
2910,15456196,2023-02-05
2911,15456197,2023-02-06
2912,15456198,2023-02-07
2913,15456199,2023-02-08
2914,15456200,2023-02-09
2915,15456201,2023-02-10
2916,15456202,2023-02-11
2917,15456203,2023-02-12
2918,15456204,2023-02-13
2919,15456205,2023-02-14
2920,15456206,2023-02-15
2921,15456207,2023-02-16
2922,15456208,2023-02-17
2923,15456209,2023-02-18
2924,15456210,2023-02-19
2925,15456211,2023-02-20
2926,15456212,2023-02-21
2927,15456213,2023-02-22
2928,15456214,2023-02-23
2929,15456215,2023-02-24
2930,15456216,2023-02-25
2931,15456217,2023-02-26
2932,15456218,2023-02-27
2933,15456219,2023-02-28
2934,15456220,2023-03-01
2935,15456221,2023-03-02
2936,15456222,2023-03-03
2937,15456223,2023-03-04
2938,15456224,2023-03-05
2939,15456225,2023-03-06
2940,15456226,2023-03-07
2941,15456227,2023-03-08
2942,15456228,2023-03-09
2943,15456229,2023-03-10
2944,15456230,2023-03-11
2945,15456231,2023-03-12
2946,15456232,2023-03-13
2947,15456233,2023-03-14
2948,15456234,2023-03-15
2949,15456235,2023-03-16
2950,15456236,2023-03-17
2951,15456237,2023-03-18
2952,15456238,2023-03-19
2953,15456239,2023-03-20
2954,15456240,2023-03-21
2955,15456241,2023-03-22
2956,15456242,2023-03-23
2957,15456243,2023-03-24
2958,15456244,2023-03-25
2959,15456245,2023-03-26
2960,15456246,2023-03-27
2961,15456247,2023-03-28
2962,15456248,2023-03-29
2963,15456249,2023-03-30
2964,15456250,2023-03-31
2965,15456251,2023-04-01
2966,15456252,2023-04-02
2967,15456253,2023-04-03
2968,15456254,2023-04-04
2969,15456255,2023-04-05
2970,15456256,2023-04-06
2971,15456257,2023-04-07
2972,15456258,2023-04-08
2973,15456259,2023-04-09
2974,15456260,2023-04-10
2975,15456261,2023-04-11
2976,15456262,2023-04-12
2977,15456263,2023-04-13
2978,15456264,2023-04-14
2979,15456265,2023-04-15
2980,15456266,2023-04-16
2981,15456267,2023-04-17
2982,15456268,2023-04-18
2983,15456269,2023-04-19
2984,15456270,2023-04-20
2985,15456271,2023-04-21
2986,15456272,2023-04-22
2987,15456273,2023-04-23
2988,15456274,2023-04-24
2989,15456275,2023-04-25
2990,15456276,2023-04-26
2991,15456277,2023-04-27
2992,15456278,2023-04-28
2993,15456279,2023-04-29
2994,15456280,2023-04-30
2995,15456281,2023-05-01
2996,15456282,2023-05-02
2997,15456283,2023-05-03
2998,15456284,2023-05-04
2999,15456285,2023-05-05
3000,15456286,2023-05-06
3001,15456287,2023-05-07
3002,15456288,2023-05-08
3003,15456289,2023-05-09
3004,15456290,2023-05-10
3005,15456291,2023-05-11
3006,15456292,2023-05-12
3007,15456293,2023-05-13
3008,15456294,2023-05-14
3009,15456295,2023-05-15
3010,15456296,2023-05-16
3011,15456297,2023-05-17
3012,15456298,2023-05-18
3013,15456299,2023-05-19
3014,15456300,2023-05-20
3015,15456301,2023-05-21
3016,15456302,2023-05-22
3017,15456303,2023-05-23
3018,15456304,2023-05-24
3019,15456305,2023-05-25
3020,15456306,2023-05-26
3021,15456307,2023-05-27
3022,15456308,2023-05-28
3023,15456309,2023-05-29
3024,15456310,2023-05-30
3025,15456311,2023-05-31
3026,15456312,2023-06-01
3027,15456313,2023-06-02
3028,15456314,2023-06-03
3029,15456315,2023-06-04
3030,15456316,2023-06-05
3031,15456317,2023-06-06
3032,15456318,2023-06-07
3033,15456319,2023-06-08
3034,15456320,2023-06-09
3035,15456321,2023-06-10
3036,15456322,2023-06-11
3037,15456323,2023-06-12
3038,15456324,2023-06-13
3039,15456325,2023-06-14
3040,15456326,2023-06-15
3041,15456327,2023-06-16
3042,15456328,2023-06-17
3043,15456329,2023-06-18
3044,15456330,2023-06-19
3045,15456331,2023-06-20
3046,15456332,2023-06-21
3047,15456333,2023-06-22
3048,15456334,2023-06-23
3049,15456335,2023-06-24
3050,15456336,2023-06-25
3051,15456337,2023-06-26
3052,15456338,2023-06-27
3053,15456339,2023-06-28
3054,15456340,2023-06-29
3055,15456341,2023-06-30
3056,15456342,2023-07-01
3057,15456343,2023-07-02
3058,15456344,2023-07-03
3059,15456345,2023-07-04
3060,15456346,2023-07-05
3061,15456347,2023-07-06
3062,15456348,2023-07-07
3063,15456349,2023-07-08
3064,15456350,2023-07-09
3065,15456351,2023-07-10
3066,15456352,2023-07-11
3067,15456353,2023-07-12
3068,15456354,2023-07-13
3069,15456355,2023-07-14
3070,15456356,2023-07-15
3071,15456357,2023-07-16
3072,15456358,2023-07-17
3073,15456359,2023-07-18
3074,15456360,2023-07-19
3075,15456361,2023-07-20
3076,15456362,2023-07-21
3077,15456363,2023-07-22
3078,15456364,2023-07-23
3079,15456365,2023-07-24
3080,15456366,2023-07-25
