VID,SSN,SKILL
1,12345707,SKILL 1
2,12345708,SKILL 2
3,12345709,SKILL 3
4,12345710,SKILL 4
5,12345711,SKILL 5
6,12345712,SKILL 6
7,12345713,SKILL 7
8,12345714,SKILL 8
9,12345715,SKILL 9
10,12345716,SKILL 10
11,12345717,SKILL 11
12,12345718,SKILL 12
13,12345719,SKILL 13
14,12345720,SKILL 14
15,12345721,SKILL 15
16,12345722,SKILL 16
17,12345723,SKILL 17
18,12345724,SKILL 18
19,12345725,SKILL 19
20,12345726,SKILL 20
21,12345727,SKILL 21
22,12345728,SKILL 22
23,12345729,SKILL 23
24,12345730,SKILL 24
25,12345731,SKILL 25
26,12345732,SKILL 26
27,12345733,SKILL 27
28,12345734,SKILL 28
29,12345735,SKILL 29
30,12345782,SKILL 1
31,12345783,SKILL 2
32,12345784,SKILL 3
33,12345785,SKILL 4
34,12345786,SKILL 5
35,15450000,SKILL 6
36,15450001,SKILL 7
37,15450002,SKILL 8
38,15450003,SKILL 9
39,15450004,SKILL 10
40,15450005,SKILL 11
41,15450006,SKILL 12
42,15450007,SKILL 13
43,15450008,SKILL 14
44,15450009,SKILL 15
45,15450010,SKILL 16
46,15450011,SKILL 17
47,15450012,SKILL 18
48,15450013,SKILL 19
49,15450014,SKILL 20
50,15450015,SKILL 21
51,15450016,SKILL 22
52,15450017,SKILL 23
53,15450018,SKILL 24
54,15450019,SKILL 25
55,15450020,SKILL 26
56,15450021,SKILL 27
57,15450022,SKILL 28
58,15450023,SKILL 29
59,15450024,SKILL 1
60,15450025,SKILL 2
61,15450026,SKILL 3
62,15450027,SKILL 4
63,15450028,SKILL 5
64,15450029,SKILL 6
65,15450030,SKILL 7
66,15450031,SKILL 8
67,15450032,SKILL 9
68,15450033,SKILL 10
69,15450034,SKILL 11
70,15450035,SKILL 12
71,15450036,SKILL 13
72,15450037,SKILL 14
73,15450038,SKILL 15
74,15450039,SKILL 16
75,15450040,SKILL 17
76,15450041,SKILL 18
77,15450042,SKILL 19
78,15450043,SKILL 20
79,15450044,SKILL 21
80,15450045,SKILL 22
81,15450046,SKILL 23
82,15450047,SKILL 24
83,15450048,SKILL 25
84,15450049,SKILL 26
85,15450050,SKILL 27
86,15450051,SKILL 28
87,15450052,SKILL 29
88,15450053,SKILL 1
89,15450054,SKILL 2
90,15450055,SKILL 3
91,15450056,SKILL 4
92,15450057,SKILL 5
93,15450058,SKILL 6
94,15450059,SKILL 7
95,15450060,SKILL 8
96,15450061,SKILL 9
97,15450062,SKILL 10
98,15450063,SKILL 11
99,15450064,SKILL 12
100,15450065,SKILL 13
101,15450066,SKILL 14
102,15450067,SKILL 15
103,15450068,SKILL 16
104,15450069,SKILL 17
105,15450070,SKILL 18
106,15450071,SKILL 19
107,15450072,SKILL 20
108,15450073,SKILL 21
109,15450074,SKILL 22
110,15450075,SKILL 23
111,15450076,SKILL 24
112,15450077,SKILL 25
113,15450078,SKILL 26
114,15450079,SKILL 27
115,15450080,SKILL 28
116,15450081,SKILL 29
117,15450082,SKILL 1
118,15450083,SKILL 2
119,15450084,SKILL 3
120,15450085,SKILL 4
121,15450086,SKILL 5
122,15450087,SKILL 6
123,15450088,SKILL 7
124,15450089,SKILL 8
125,15450090,SKILL 9
126,15450091,SKILL 10
127,15450092,SKILL 11
128,15450093,SKILL 12
129,15450094,SKILL 13
130,15450095,SKILL 14
131,15450096,SKILL 15
132,15450097,SKILL 16
133,15450098,SKILL 17
134,15450099,SKILL 18
135,15450100,SKILL 19
136,15450101,SKILL 20
137,15450102,SKILL 21
138,15450103,SKILL 22
139,15450104,SKILL 23
140,15450105,SKILL 24
141,15450106,SKILL 25
142,15450107,SKILL 26
143,15450108,SKILL 27
144,15450109,SKILL 28
145,15450110,SKILL 29
146,15450111,SKILL 1
147,15450112,SKILL 2
148,15450113,SKILL 3
149,15450114,SKILL 4
150,15450115,SKILL 5
151,15450116,SKILL 6
152,15450117,SKILL 7
153,15450118,SKILL 8
154,15450119,SKILL 9
155,15450120,SKILL 10
156,15450121,SKILL 11
157,15450122,SKILL 12
158,15450123,SKILL 13
159,15450124,SKILL 14
160,15450125,SKILL 15
161,15450126,SKILL 16
162,15450127,SKILL 17
163,15450128,SKILL 18
164,15450129,SKILL 19
165,15450130,SKILL 20
166,15450131,SKILL 21
167,15450132,SKILL 22
168,15450133,SKILL 23
169,15450134,SKILL 24
170,15450135,SKILL 25
171,15450136,SKILL 26
172,15450137,SKILL 27
173,15450138,SKILL 28
174,15450139,SKILL 29
175,15450140,SKILL 1
176,15450141,SKILL 2
177,15450142,SKILL 3
178,15450143,SKILL 4
179,15450144,SKILL 5
180,15450145,SKILL 6
181,15450146,SKILL 7
182,15450147,SKILL 8
183,15450148,SKILL 9
184,15450149,SKILL 10
185,15450150,SKILL 11
186,15450151,SKILL 12
187,15450152,SKILL 13
188,15450153,SKILL 14
189,15450154,SKILL 15
190,15450155,SKILL 16
191,15450156,SKILL 17
192,15450157,SKILL 18
193,15450158,SKILL 19
194,15450159,SKILL 20
195,15450160,SKILL 21
196,15450161,SKILL 22
197,15450162,SKILL 23
198,15450163,SKILL 24
199,15450164,SKILL 25
200,15450165,SKILL 26
201,15450166,SKILL 27
202,15450167,SKILL 28
203,15450168,SKILL 29
204,15450169,SKILL 1
205,15450170,SKILL 2
206,15450171,SKILL 3
207,15450172,SKILL 4
208,15450173,SKILL 5
209,15450174,SKILL 6
210,15450175,SKILL 7
211,15450176,SKILL 8
212,15450177,SKILL 9
213,15450178,SKILL 10
214,15450179,SKILL 11
215,15450180,SKILL 12
216,15450181,SKILL 13
217,15450182,SKILL 14
218,15450183,SKILL 15
219,15450184,SKILL 16
220,15450185,SKILL 17
221,15450186,SKILL 18
222,15450187,SKILL 19
223,15450188,SKILL 20
224,15450189,SKILL 21
225,15450190,SKILL 22
226,15450191,SKILL 23
227,15450192,SKILL 24
228,15450193,SKILL 25
229,15450194,SKILL 26
230,15450195,SKILL 27
231,15450196,SKILL 28
232,15450197,SKILL 29
233,15450198,SKILL 1
234,15450199,SKILL 2
235,15450200,SKILL 3
236,15450201,SKILL 4
237,15450202,SKILL 5
238,15450203,SKILL 6
239,15450204,SKILL 7
240,15450205,SKILL 8
241,15450206,SKILL 9
242,15450207,SKILL 10
243,15450208,SKILL 11
244,15450209,SKILL 12
245,15450210,SKILL 13
246,15450211,SKILL 14
247,15450212,SKILL 15
248,15450213,SKILL 16
249,15450214,SKILL 17
250,15450215,SKILL 18
251,15450216,SKILL 19
252,15450217,SKILL 20
253,15450218,SKILL 21
254,15450219,SKILL 22
255,15450220,SKILL 23
256,15450221,SKILL 24
257,15450222,SKILL 25
258,15450223,SKILL 26
259,15450224,SKILL 27
260,15450225,SKILL 28
261,15450226,SKILL 29
262,15450227,SKILL 1
263,15450228,SKILL 2
264,15450229,SKILL 3
265,15450230,SKILL 4
266,15450231,SKILL 5
267,15450232,SKILL 6
268,15450233,SKILL 7
269,15450234,SKILL 8
270,15450235,SKILL 9
271,15450236,SKILL 10
272,15450237,SKILL 11
273,15450238,SKILL 12
274,15450239,SKILL 13
275,15450240,SKILL 14
276,15450241,SKILL 15
277,15450242,SKILL 16
278,15450243,SKILL 17
279,15450244,SKILL 18
280,15450245,SKILL 19
281,15450246,SKILL 20
282,15450247,SKILL 21
283,15450248,SKILL 22
284,15450249,SKILL 23
285,15450250,SKILL 24
286,15450251,SKILL 25
287,15450252,SKILL 26
288,15450253,SKILL 27
289,15450254,SKILL 28
290,15450255,SKILL 29
291,15450256,SKILL 1
292,15450257,SKILL 2
293,15450258,SKILL 3
294,15450259,SKILL 4
295,15450260,SKILL 5
296,15450261,SKILL 6
297,15450262,SKILL 7
298,15450263,SKILL 8
299,15450264,SKILL 9
300,15450265,SKILL 10
301,15450266,SKILL 11
302,15450267,SKILL 12
303,15450268,SKILL 13
304,15450269,SKILL 14
305,15450270,SKILL 15
306,15450271,SKILL 16
307,15450272,SKILL 17
308,15450273,SKILL 18
309,15450274,SKILL 19
310,15450275,SKILL 20
311,15450276,SKILL 21
312,15450277,SKILL 22
313,15450278,SKILL 23
314,15450279,SKILL 24
315,15450280,SKILL 25
316,15450281,SKILL 26
317,15450282,SKILL 27
318,15450283,SKILL 28
319,15450284,SKILL 29
320,15450285,SKILL 1
321,15450286,SKILL 2
322,15450287,SKILL 3
323,15450288,SKILL 4
324,15450289,SKILL 5
325,15450290,SKILL 6
326,15450291,SKILL 7
327,15450292,SKILL 8
328,15450293,SKILL 9
329,15450294,SKILL 10
330,15450295,SKILL 11
331,15450296,SKILL 12
332,15450297,SKILL 13
333,15450298,SKILL 14
334,15450299,SKILL 15
335,15450300,SKILL 16
336,15450301,SKILL 17
337,15450302,SKILL 18
338,15450303,SKILL 19
339,15450304,SKILL 20
340,15450305,SKILL 21
341,15450306,SKILL 22
342,15450307,SKILL 23
343,15450308,SKILL 24
344,15450309,SKILL 25
345,15450310,SKILL 26
346,15450311,SKILL 27
347,15450312,SKILL 28
348,15450313,SKILL 29
349,15450314,SKILL 1
350,15450315,SKILL 2
351,15450316,SKILL 3
352,15450317,SKILL 4
353,15450318,SKILL 5
354,15450319,SKILL 6
355,15450320,SKILL 7
356,15450321,SKILL 8
357,15450322,SKILL 9
358,15450323,SKILL 10
359,15450324,SKILL 11
360,15450325,SKILL 12
361,15450326,SKILL 13
362,15450327,SKILL 14
363,15450328,SKILL 15
364,15450329,SKILL 16
365,15450330,SKILL 17
366,15450331,SKILL 18
367,15450332,SKILL 19
368,15450333,SKILL 20
369,15450334,SKILL 21
370,15450335,SKILL 22
371,15450336,SKILL 23
372,15450337,SKILL 24
373,15450338,SKILL 25
374,15450339,SKILL 26
375,15450340,SKILL 27
376,15450341,SKILL 28
377,15450342,SKILL 29
378,15450343,SKILL 1
379,15450344,SKILL 2
380,15450345,SKILL 3
381,15450346,SKILL 4
382,15450347,SKILL 5
383,15450348,SKILL 6
384,15450349,SKILL 7
385,15450350,SKILL 8
386,15450351,SKILL 9
387,15450352,SKILL 10
388,15450353,SKILL 11
389,15450354,SKILL 12
390,15450355,SKILL 13
391,15450356,SKILL 14
392,15450357,SKILL 15
393,15450358,SKILL 16
394,15450359,SKILL 17
395,15450360,SKILL 18
396,15450361,SKILL 19
397,15450362,SKILL 20
398,15450363,SKILL 21
399,15450364,SKILL 22
400,15450365,SKILL 23
401,15450366,SKILL 24
402,15450367,SKILL 25
403,15450368,SKILL 26
404,15450369,SKILL 27
405,15450370,SKILL 28
406,15450371,SKILL 29
407,15450372,SKILL 1
408,15450373,SKILL 2
409,15450374,SKILL 3
410,15450375,SKILL 4
411,15450376,SKILL 5
412,15450377,SKILL 6
413,15450378,SKILL 7
414,15450379,SKILL 8
415,15450380,SKILL 9
416,15450381,SKILL 10
417,15450382,SKILL 11
418,15450383,SKILL 12
419,15450384,SKILL 13
420,15450385,SKILL 14
421,15450386,SKILL 15
422,15450387,SKILL 16
423,15450388,SKILL 17
424,15450389,SKILL 18
425,15450390,SKILL 19
426,15450391,SKILL 20
427,15450392,SKILL 21
428,15450393,SKILL 22
429,15450394,SKILL 23
430,15450395,SKILL 24
431,15450396,SKILL 25
432,15450397,SKILL 26
433,15450398,SKILL 27
434,15450399,SKILL 28
435,15450400,SKILL 29
436,15450401,SKILL 1
437,15450402,SKILL 2
438,15450403,SKILL 3
439,15450404,SKILL 4
440,15450405,SKILL 5
441,15450406,SKILL 6
442,15450407,SKILL 7
443,15450408,SKILL 8
444,15450409,SKILL 9
445,15450410,SKILL 10
446,15450411,SKILL 11
447,15450412,SKILL 12
448,15450413,SKILL 13
449,15450414,SKILL 14
450,15450415,SKILL 15
451,15450416,SKILL 16
452,15450417,SKILL 17
453,15450418,SKILL 18
454,15450419,SKILL 19
455,15450420,SKILL 20
456,15450421,SKILL 21
457,15450422,SKILL 22
458,15450423,SKILL 23
459,15450424,SKILL 24
460,15450425,SKILL 25
461,15450426,SKILL 26
462,15450427,SKILL 27
463,15450428,SKILL 28
464,15450429,SKILL 29
465,15450430,SKILL 1
466,15450431,SKILL 2
467,15450432,SKILL 3
468,15450433,SKILL 4
469,15450434,SKILL 5
470,15450435,SKILL 6
471,15450436,SKILL 7
472,15450437,SKILL 8
473,15450438,SKILL 9
474,15450439,SKILL 10
475,15450440,SKILL 11
476,15450441,SKILL 12
477,15450442,SKILL 13
478,15450443,SKILL 14
479,15450444,SKILL 15
480,15450445,SKILL 16
481,15450446,SKILL 17
482,15450447,SKILL 18
483,15450448,SKILL 19
484,15450449,SKILL 20
485,15450450,SKILL 21
486,15450451,SKILL 22
487,15450452,SKILL 23
488,15450453,SKILL 24
489,15450454,SKILL 25
490,15450455,SKILL 26
491,15450456,SKILL 27
492,15450457,SKILL 28
493,15450458,SKILL 29
494,15450459,SKILL 1
495,15450460,SKILL 2
496,15450461,SKILL 3
497,15450462,SKILL 4
498,15450463,SKILL 5
499,15450464,SKILL 6
500,15450465,SKILL 7
501,15450466,SKILL 8
502,15450467,SKILL 9
503,15450468,SKILL 10
504,15450469,SKILL 11
505,15450470,SKILL 12
506,15450471,SKILL 13
507,15450472,SKILL 14
508,15450473,SKILL 15
509,15450474,SKILL 16
510,15450475,SKILL 17
511,15450476,SKILL 18
512,15450477,SKILL 19
513,15450478,SKILL 20
514,15450479,SKILL 21
515,15450480,SKILL 22
516,15450481,SKILL 23
517,15450482,SKILL 24
518,15450483,SKILL 25
519,15450484,SKILL 26
520,15450485,SKILL 27
521,15450486,SKILL 28
522,15450487,SKILL 29
523,15450488,SKILL 1
524,15450489,SKILL 2
525,15450490,SKILL 3
526,15450491,SKILL 4
527,15450492,SKILL 5
528,15450493,SKILL 6
529,15450494,SKILL 7
530,15450495,SKILL 8
531,15450496,SKILL 9
532,15450497,SKILL 10
533,15450498,SKILL 11
534,15450499,SKILL 12
535,15450500,SKILL 13
536,15450501,SKILL 14
537,15450502,SKILL 15
538,15450503,SKILL 16
539,15450504,SKILL 17
540,15450505,SKILL 18
541,15450506,SKILL 19
542,15450507,SKILL 20
543,15450508,SKILL 21
544,15450509,SKILL 22
545,15450510,SKILL 23
546,15450511,SKILL 24
547,15450512,SKILL 25
548,15450513,SKILL 26
549,15450514,SKILL 27
550,15450515,SKILL 28
551,15450516,SKILL 29
552,15450517,SKILL 1
553,15450518,SKILL 2
554,15450519,SKILL 3
555,15450520,SKILL 4
556,15450521,SKILL 5
557,15450522,SKILL 6
558,15450523,SKILL 7
559,15450524,SKILL 8
560,15450525,SKILL 9
561,15450526,SKILL 10
562,15450527,SKILL 11
563,15450528,SKILL 12
564,15450529,SKILL 13
565,15450530,SKILL 14
566,15450531,SKILL 15
567,15450532,SKILL 16
568,15450533,SKILL 17
569,15450534,SKILL 18
570,15450535,SKILL 19
571,15450536,SKILL 20
572,15450537,SKILL 21
573,15450538,SKILL 22
574,15450539,SKILL 23
575,15450540,SKILL 24
576,15450541,SKILL 25
577,15450542,SKILL 26
578,15450543,SKILL 27
579,15450544,SKILL 28
580,15450545,SKILL 29
581,15450546,SKILL 1
582,15450547,SKILL 2
583,15450548,SKILL 3
584,15450549,SKILL 4
585,15450550,SKILL 5
586,15450551,SKILL 6
587,15450552,SKILL 7
588,15450553,SKILL 8
589,15450554,SKILL 9
590,15450555,SKILL 10
591,15450556,SKILL 11
592,15450557,SKILL 12
593,15450558,SKILL 13
594,15450559,SKILL 14
595,15450560,SKILL 15
596,15450561,SKILL 16
597,15450562,SKILL 17
598,15450563,SKILL 18
599,15450564,SKILL 19
600,15450565,SKILL 20
601,15450566,SKILL 21
602,15450567,SKILL 22
603,15450568,SKILL 23
604,15450569,SKILL 24
605,15450570,SKILL 25
606,15450571,SKILL 26
607,15450572,SKILL 27
608,15450573,SKILL 28
609,15450574,SKILL 29
610,15450575,SKILL 1
611,15450576,SKILL 2
612,15450577,SKILL 3
613,15450578,SKILL 4
614,15450579,SKILL 5
615,15450580,SKILL 6
616,15450581,SKILL 7
617,15450582,SKILL 8
618,15450583,SKILL 9
619,15450584,SKILL 10
620,15450585,SKILL 11
621,15450586,SKILL 12
622,15450587,SKILL 13
623,15450588,SKILL 14
624,15450589,SKILL 15
625,15450590,SKILL 16
626,15450591,SKILL 17
627,15450592,SKILL 18
628,15450593,SKILL 19
629,15450594,SKILL 20
630,15450595,SKILL 21
631,15450596,SKILL 22
632,15450597,SKILL 23
633,15450598,SKILL 24
634,15450599,SKILL 25
635,15450600,SKILL 26
636,15450601,SKILL 27
637,15450602,SKILL 28
638,15450603,SKILL 29
639,15450604,SKILL 1
640,15450605,SKILL 2
641,15450606,SKILL 3
642,15450607,SKILL 4
643,15450608,SKILL 5
644,15450609,SKILL 6
645,15450610,SKILL 7
646,15450611,SKILL 8
647,15450612,SKILL 9
648,15450613,SKILL 10
649,15450614,SKILL 11
650,15450615,SKILL 12
651,15450616,SKILL 13
652,15450617,SKILL 14
653,15450618,SKILL 15
654,15450619,SKILL 16
655,15450620,SKILL 17
656,15450621,SKILL 18
657,15450622,SKILL 19
658,15450623,SKILL 20
659,15450624,SKILL 21
660,15450625,SKILL 22
661,15450626,SKILL 23
662,15450627,SKILL 24
663,15450628,SKILL 25
664,15450629,SKILL 26
665,15450630,SKILL 27
666,15450631,SKILL 28
667,15450632,SKILL 29
668,15450633,SKILL 1
669,15450634,SKILL 2
670,15450635,SKILL 3
671,15450636,SKILL 4
672,15450637,SKILL 5
673,15450638,SKILL 6
674,15450639,SKILL 7
675,15450640,SKILL 8
676,15450641,SKILL 9
677,15450642,SKILL 10
678,15450643,SKILL 11
679,15450644,SKILL 12
680,15450645,SKILL 13
681,15450646,SKILL 14
682,15450647,SKILL 15
683,15450648,SKILL 16
684,15450649,SKILL 17
685,15450650,SKILL 18
686,15450651,SKILL 19
687,15450652,SKILL 20
688,15450653,SKILL 21
689,15450654,SKILL 22
690,15450655,SKILL 23
691,15450656,SKILL 24
692,15450657,SKILL 25
693,15450658,SKILL 26
694,15450659,SKILL 27
695,15450660,SKILL 28
696,15450661,SKILL 29
697,15450662,SKILL 1
698,15450663,SKILL 2
699,15450664,SKILL 3
700,15450665,SKILL 4
701,15450666,SKILL 5
702,15450667,SKILL 6
703,15450668,SKILL 7
704,15450669,SKILL 8
705,15450670,SKILL 9
706,15450671,SKILL 10
707,15450672,SKILL 11
708,15450673,SKILL 12
709,15450674,SKILL 13
710,15450675,SKILL 14
711,15450676,SKILL 15
712,15450677,SKILL 16
713,15450678,SKILL 17
714,15450679,SKILL 18
715,15450680,SKILL 19
716,15450681,SKILL 20
717,15450682,SKILL 21
718,15450683,SKILL 22
719,15450684,SKILL 23
720,15450685,SKILL 24
721,15450686,SKILL 25
722,15450687,SKILL 26
723,15450688,SKILL 27
724,15450689,SKILL 28
725,15450690,SKILL 29
726,15450691,SKILL 1
727,15450692,SKILL 2
728,15450693,SKILL 3
729,15450694,SKILL 4
730,15450695,SKILL 5
731,15450696,SKILL 6
732,15450697,SKILL 7
733,15450698,SKILL 8
734,15450699,SKILL 9
735,15450700,SKILL 10
736,15450701,SKILL 11
737,15450702,SKILL 12
738,15450703,SKILL 13
739,15450704,SKILL 14
740,15450705,SKILL 15
741,15450706,SKILL 16
742,15450707,SKILL 17
743,15450708,SKILL 18
744,15450709,SKILL 19
745,15450710,SKILL 20
746,15450711,SKILL 21
747,15450712,SKILL 22
748,15450713,SKILL 23
749,15450714,SKILL 24
750,15450715,SKILL 25
751,15450716,SKILL 26
752,15450717,SKILL 27
753,15450718,SKILL 28
754,15450719,SKILL 29
755,15450720,SKILL 1
756,15450721,SKILL 2
757,15450722,SKILL 3
758,15450723,SKILL 4
759,15450724,SKILL 5
760,15450725,SKILL 6
761,15450726,SKILL 7
762,15450727,SKILL 8
763,15450728,SKILL 9
764,15450729,SKILL 10
765,15450730,SKILL 11
766,15450731,SKILL 12
767,15450732,SKILL 13
768,15450733,SKILL 14
769,15450734,SKILL 15
770,15450735,SKILL 16
771,15450736,SKILL 17
772,15450737,SKILL 18
773,15450738,SKILL 19
774,15450739,SKILL 20
775,15450740,SKILL 21
776,15450741,SKILL 22
777,15450742,SKILL 23
778,15450743,SKILL 24
779,15450744,SKILL 25
780,15450745,SKILL 26
781,15450746,SKILL 27
782,15450747,SKILL 28
783,15450748,SKILL 29
784,15450749,SKILL 1
785,15450750,SKILL 2
786,15450751,SKILL 3
787,15450752,SKILL 4
788,15450753,SKILL 5
789,15450754,SKILL 6
790,15450755,SKILL 7
791,15450756,SKILL 8
792,15450757,SKILL 9
793,15450758,SKILL 10
794,15450759,SKILL 11
795,15450760,SKILL 12
796,15450761,SKILL 13
797,15450762,SKILL 14
798,15450763,SKILL 15
799,15450764,SKILL 16
800,15450765,SKILL 17
801,15450766,SKILL 18
802,15450767,SKILL 19
803,15450768,SKILL 20
804,15450769,SKILL 21
805,15450770,SKILL 22
806,15450771,SKILL 23
807,15450772,SKILL 24
808,15450773,SKILL 25
809,15450774,SKILL 26
810,15450775,SKILL 27
811,15450776,SKILL 28
812,15450777,SKILL 29
813,15450778,SKILL 1
814,15450779,SKILL 2
815,15450780,SKILL 3
816,15450781,SKILL 4
817,15450782,SKILL 5
818,15450783,SKILL 6
819,15450784,SKILL 7
820,15450785,SKILL 8
821,15450786,SKILL 9
822,15450787,SKILL 10
823,15450788,SKILL 11
824,15450789,SKILL 12
825,15450790,SKILL 13
826,15450791,SKILL 14
827,15450792,SKILL 15
828,15450793,SKILL 16
829,15450794,SKILL 17
830,15450795,SKILL 18
831,15450796,SKILL 19
832,15450797,SKILL 20
833,15450798,SKILL 21
834,15450799,SKILL 22
835,15450800,SKILL 23
836,15450801,SKILL 24
837,15450802,SKILL 25
838,15450803,SKILL 26
839,15450804,SKILL 27
840,15450805,SKILL 28
841,15450806,SKILL 29
842,15450807,SKILL 1
843,15450808,SKILL 2
844,15450809,SKILL 3
845,15450810,SKILL 4
846,15450811,SKILL 5
847,15450812,SKILL 6
848,15450813,SKILL 7
849,15450814,SKILL 8
850,15450815,SKILL 9
851,15450816,SKILL 10
852,15450817,SKILL 11
853,15450818,SKILL 12
854,15450819,SKILL 13
855,15450820,SKILL 14
856,15450821,SKILL 15
857,15450822,SKILL 16
858,15450823,SKILL 17
859,15450824,SKILL 18
860,15450825,SKILL 19
861,15450826,SKILL 20
862,15450827,SKILL 21
863,15450828,SKILL 22
864,15450829,SKILL 23
865,15450830,SKILL 24
866,15450831,SKILL 25
867,15450832,SKILL 26
868,15450833,SKILL 27
869,15450834,SKILL 28
870,15450835,SKILL 29
871,15450836,SKILL 1
872,15450837,SKILL 2
873,15450838,SKILL 3
874,15450839,SKILL 4
875,15450840,SKILL 5
876,15450841,SKILL 6
877,15450842,SKILL 7
878,15450843,SKILL 8
879,15450844,SKILL 9
880,15450845,SKILL 10
881,15450846,SKILL 11
882,15450847,SKILL 12
883,15450848,SKILL 13
884,15450849,SKILL 14
885,15450850,SKILL 15
886,15450851,SKILL 16
887,15450852,SKILL 17
888,15450853,SKILL 18
889,15450854,SKILL 19
890,15450855,SKILL 20
891,15450856,SKILL 21
892,15450857,SKILL 22
893,15450858,SKILL 23
894,15450859,SKILL 24
895,15450860,SKILL 25
896,15450861,SKILL 26
897,15450862,SKILL 27
898,15450863,SKILL 28
899,15450864,SKILL 29
900,15450865,SKILL 1
901,15450866,SKILL 2
902,15450867,SKILL 3
903,15450868,SKILL 4
904,15450869,SKILL 5
905,15450870,SKILL 6
906,15450871,SKILL 7
907,15450872,SKILL 8
908,15450873,SKILL 9
909,15450874,SKILL 10
910,15450875,SKILL 11
911,15450876,SKILL 12
912,15450877,SKILL 13
913,15450878,SKILL 14
914,15450879,SKILL 15
915,15450880,SKILL 16
916,15450881,SKILL 17
917,15450882,SKILL 18
918,15450883,SKILL 19
919,15450884,SKILL 20
920,15450885,SKILL 21
921,15450886,SKILL 22
922,15450887,SKILL 23
923,15450888,SKILL 24
924,15450889,SKILL 25
925,15450890,SKILL 26
926,15450891,SKILL 27
927,15450892,SKILL 28
928,15450893,SKILL 29
929,15450894,SKILL 1
930,15450895,SKILL 2
931,15450896,SKILL 3
932,15450897,SKILL 4
933,15450898,SKILL 5
934,15450899,SKILL 6
935,15450900,SKILL 7
936,15450901,SKILL 8
937,15450902,SKILL 9
938,15450903,SKILL 10
939,15450904,SKILL 11
940,15450905,SKILL 12
941,15450906,SKILL 13
942,15450907,SKILL 14
943,15450908,SKILL 15
944,15450909,SKILL 16
945,15450910,SKILL 17
946,15450911,SKILL 18
947,15450912,SKILL 19
948,15450913,SKILL 20
949,15450914,SKILL 21
950,15450915,SKILL 22
951,15450916,SKILL 23
952,15450917,SKILL 24
953,15450918,SKILL 25
954,15450919,SKILL 26
955,15450920,SKILL 27
956,15450921,SKILL 28
957,15450922,SKILL 29
958,15450923,SKILL 1
959,15450924,SKILL 2
960,15450925,SKILL 3
961,15450926,SKILL 4
962,15450927,SKILL 5
963,15450928,SKILL 6
964,15450929,SKILL 7
965,15450930,SKILL 8
966,15450931,SKILL 9
967,15450932,SKILL 10
968,15450933,SKILL 11
969,15450934,SKILL 12
970,15450935,SKILL 13
971,15450936,SKILL 14
972,15450937,SKILL 15
973,15450938,SKILL 16
974,15450939,SKILL 17
975,15450940,SKILL 18
976,15450941,SKILL 19
977,15450942,SKILL 20
978,15450943,SKILL 21
979,15450944,SKILL 22
980,15450945,SKILL 23
981,15450946,SKILL 24
982,15450947,SKILL 25
983,15450948,SKILL 26
984,15450949,SKILL 27
985,15450950,SKILL 28
986,15450951,SKILL 29
987,15450952,SKILL 1
988,15450953,SKILL 2
989,15450954,SKILL 3
990,15450955,SKILL 4
991,15450956,SKILL 5
992,15450957,SKILL 6
993,15450958,SKILL 7
994,15450959,SKILL 8
995,15450960,SKILL 9
996,15450961,SKILL 10
997,15450962,SKILL 11
998,15450963,SKILL 12
999,15450964,SKILL 13
1000,15450965,SKILL 14
1001,15450966,SKILL 15
1002,15450967,SKILL 16
1003,15450968,SKILL 17
1004,15450969,SKILL 18
1005,15450970,SKILL 19
1006,15450971,SKILL 20
1007,15450972,SKILL 21
1008,15450973,SKILL 22
1009,15450974,SKILL 23
1010,15450975,SKILL 24
1011,15450976,SKILL 25
1012,15450977,SKILL 26
1013,15450978,SKILL 27
1014,15450979,SKILL 28
1015,15450980,SKILL 29
1016,15450981,SKILL 1
1017,15450982,SKILL 2
1018,15450983,SKILL 3
1019,15450984,SKILL 4
1020,15450985,SKILL 5
1021,15450986,SKILL 6
1022,15450987,SKILL 7
1023,15450988,SKILL 8
1024,15450989,SKILL 9
1025,15450990,SKILL 10
1026,15450991,SKILL 11
1027,15450992,SKILL 12
1028,15450993,SKILL 13
1029,15450994,SKILL 14
1030,15450995,SKILL 15
1031,15450996,SKILL 16
1032,15450997,SKILL 17
1033,15450998,SKILL 18
1034,15450999,SKILL 19
1035,15451000,SKILL 20
1036,15451001,SKILL 21
1037,15451002,SKILL 22
1038,15451003,SKILL 23
1039,15451004,SKILL 24
1040,15451005,SKILL 25
1041,15451006,SKILL 26
1042,15451007,SKILL 27
1043,15451008,SKILL 28
1044,15451009,SKILL 29
1045,15451010,SKILL 1
1046,15451011,SKILL 2
1047,15451012,SKILL 3
1048,15451013,SKILL 4
1049,15451014,SKILL 5
1050,15451015,SKILL 6
1051,15451016,SKILL 7
1052,15451017,SKILL 8
1053,15451018,SKILL 9
1054,15451019,SKILL 10
1055,15451020,SKILL 11
1056,15451021,SKILL 12
1057,15451022,SKILL 13
1058,15451023,SKILL 14
1059,15451024,SKILL 15
1060,15451025,SKILL 16
1061,15451026,SKILL 17
1062,15451027,SKILL 18
1063,15451028,SKILL 19
1064,15451029,SKILL 20
1065,15451030,SKILL 21
1066,15451031,SKILL 22
1067,15451032,SKILL 23
1068,15451033,SKILL 24
1069,15451034,SKILL 25
1070,15451035,SKILL 26
1071,15451036,SKILL 27
1072,15451037,SKILL 28
1073,15451038,SKILL 29
1074,15451039,SKILL 1
1075,15451040,SKILL 2
1076,15451041,SKILL 3
1077,15451042,SKILL 4
1078,15451043,SKILL 5
1079,15451044,SKILL 6
1080,15451045,SKILL 7
1081,15451046,SKILL 8
1082,15451047,SKILL 9
1083,15451048,SKILL 10
1084,15451049,SKILL 11
1085,15451050,SKILL 12
1086,15451051,SKILL 13
1087,15451052,SKILL 14
1088,15451053,SKILL 15
1089,15451054,SKILL 16
1090,15451055,SKILL 17
1091,15451056,SKILL 18
1092,15451057,SKILL 19
1093,15451058,SKILL 20
1094,15451059,SKILL 21
1095,15451060,SKILL 22
1096,15451061,SKILL 23
1097,15451062,SKILL 24
1098,15451063,SKILL 25
1099,15451064,SKILL 26
1100,15451065,SKILL 27
1101,15451066,SKILL 28
1102,15451067,SKILL 29
1103,15451068,SKILL 1
1104,15451069,SKILL 2
1105,15451070,SKILL 3
1106,15451071,SKILL 4
1107,15451072,SKILL 5
1108,15451073,SKILL 6
1109,15451074,SKILL 7
1110,15451075,SKILL 8
1111,15451076,SKILL 9
1112,15451077,SKILL 10
1113,15451078,SKILL 11
1114,15451079,SKILL 12
1115,15451080,SKILL 13
1116,15451081,SKILL 14
1117,15451082,SKILL 15
1118,15451083,SKILL 16
1119,15451084,SKILL 17
1120,15451085,SKILL 18
1121,15451086,SKILL 19
1122,15451087,SKILL 20
1123,15451088,SKILL 21
1124,15451089,SKILL 22
1125,15451090,SKILL 23
1126,15451091,SKILL 24
1127,15451092,SKILL 25
1128,15451093,SKILL 26
1129,15451094,SKILL 27
1130,15451095,SKILL 28
1131,15451096,SKILL 29
1132,15451097,SKILL 1
1133,15451098,SKILL 2
1134,15451099,SKILL 3
1135,15451100,SKILL 4
1136,15451101,SKILL 5
1137,15451102,SKILL 6
1138,15451103,SKILL 7
1139,15451104,SKILL 8
1140,15451105,SKILL 9
1141,15451106,SKILL 10
1142,15451107,SKILL 11
1143,15451108,SKILL 12
1144,15451109,SKILL 13
1145,15451110,SKILL 14
1146,15451111,SKILL 15
1147,15451112,SKILL 16
1148,15451113,SKILL 17
1149,15451114,SKILL 18
1150,15451115,SKILL 19
1151,15451116,SKILL 20
1152,15451117,SKILL 21
1153,15451118,SKILL 22
1154,15451119,SKILL 23
1155,15451120,SKILL 24
1156,15451121,SKILL 25
1157,15451122,SKILL 26
1158,15451123,SKILL 27
1159,15451124,SKILL 28
1160,15451125,SKILL 29
1161,15451126,SKILL 1
1162,15451127,SKILL 2
1163,15451128,SKILL 3
1164,15451129,SKILL 4
1165,15451130,SKILL 5
1166,15451131,SKILL 6
1167,15451132,SKILL 7
1168,15451133,SKILL 8
1169,15451134,SKILL 9
1170,15451135,SKILL 10
1171,15451136,SKILL 11
1172,15451137,SKILL 12
1173,15451138,SKILL 13
1174,15451139,SKILL 14
1175,15451140,SKILL 15
1176,15451141,SKILL 16
1177,15451142,SKILL 17
1178,15451143,SKILL 18
1179,15451144,SKILL 19
1180,15451145,SKILL 20
1181,15451146,SKILL 21
1182,15451147,SKILL 22
1183,15451148,SKILL 23
1184,15451149,SKILL 24
1185,15451150,SKILL 25
1186,15451151,SKILL 26
1187,15451152,SKILL 27
1188,15451153,SKILL 28
1189,15451154,SKILL 29
1190,15451155,SKILL 1
1191,15451156,SKILL 2
1192,15451157,SKILL 3
1193,15451158,SKILL 4
1194,15451159,SKILL 5
1195,15451160,SKILL 6
1196,15451161,SKILL 7
1197,15451162,SKILL 8
1198,15451163,SKILL 9
1199,15451164,SKILL 10
1200,15451165,SKILL 11
1201,15451166,SKILL 12
1202,15451167,SKILL 13
1203,15451168,SKILL 14
1204,15451169,SKILL 15
1205,15451170,SKILL 16
1206,15451171,SKILL 17
1207,15451172,SKILL 18
1208,15451173,SKILL 19
1209,15451174,SKILL 20
1210,15451175,SKILL 21
1211,15451176,SKILL 22
1212,15451177,SKILL 23
1213,15451178,SKILL 24
1214,15451179,SKILL 25
1215,15451180,SKILL 26
1216,15451181,SKILL 27
1217,15451182,SKILL 28
1218,15451183,SKILL 29
1219,15451184,SKILL 1
1220,15451185,SKILL 2
1221,15451186,SKILL 3
1222,15451187,SKILL 4
1223,15451188,SKILL 5
1224,15451189,SKILL 6
1225,15451190,SKILL 7
1226,15451191,SKILL 8
1227,15451192,SKILL 9
1228,15451193,SKILL 10
1229,15451194,SKILL 11
1230,15451195,SKILL 12
1231,15451196,SKILL 13
1232,15451197,SKILL 14
1233,15451198,SKILL 15
1234,15451199,SKILL 16
1235,15451200,SKILL 17
1236,15451201,SKILL 18
1237,15451202,SKILL 19
1238,15451203,SKILL 20
1239,15451204,SKILL 21
1240,15451205,SKILL 22
1241,15451206,SKILL 23
1242,15451207,SKILL 24
1243,15451208,SKILL 25
1244,15451209,SKILL 26
1245,15451210,SKILL 27
1246,15451211,SKILL 28
1247,15451212,SKILL 29
1248,15451213,SKILL 1
1249,15451214,SKILL 2
1250,15451215,SKILL 3
1251,15451216,SKILL 4
1252,15451217,SKILL 5
1253,15451218,SKILL 6
1254,15451219,SKILL 7
1255,15451220,SKILL 8
1256,15451221,SKILL 9
1257,15451222,SKILL 10
1258,15451223,SKILL 11
1259,15451224,SKILL 12
1260,15451225,SKILL 13
1261,15451226,SKILL 14
1262,15451227,SKILL 15
1263,15451228,SKILL 16
1264,15451229,SKILL 17
1265,15451230,SKILL 18
1266,15451231,SKILL 19
1267,15451232,SKILL 20
1268,15451233,SKILL 21
1269,15451234,SKILL 22
1270,15451235,SKILL 23
1271,15451236,SKILL 24
1272,15451237,SKILL 25
1273,15451238,SKILL 26
1274,15451239,SKILL 27
1275,15451240,SKILL 28
1276,15451241,SKILL 29
1277,15451242,SKILL 1
1278,15451243,SKILL 2
1279,15451244,SKILL 3
1280,15451245,SKILL 4
1281,15451246,SKILL 5
1282,15451247,SKILL 6
1283,15451248,SKILL 7
1284,15451249,SKILL 8
1285,15451250,SKILL 9
1286,15451251,SKILL 10
1287,15451252,SKILL 11
1288,15451253,SKILL 12
1289,15451254,SKILL 13
1290,15451255,SKILL 14
1291,15451256,SKILL 15
1292,15451257,SKILL 16
1293,15451258,SKILL 17
1294,15451259,SKILL 18
1295,15451260,SKILL 19
1296,15451261,SKILL 20
1297,15451262,SKILL 21
1298,15451263,SKILL 22
1299,15451264,SKILL 23
1300,15451265,SKILL 24
1301,15451266,SKILL 25
1302,15451267,SKILL 26
1303,15451268,SKILL 27
1304,15451269,SKILL 28
1305,15451270,SKILL 29
1306,15451271,SKILL 1
1307,15451272,SKILL 2
1308,15451273,SKILL 3
1309,15451274,SKILL 4
1310,15451275,SKILL 5
1311,15451276,SKILL 6
1312,15451277,SKILL 7
1313,15451278,SKILL 8
1314,15451279,SKILL 9
1315,15451280,SKILL 10
1316,15451281,SKILL 11
1317,15451282,SKILL 12
1318,15451283,SKILL 13
1319,15451284,SKILL 14
1320,15451285,SKILL 15
1321,15451286,SKILL 16
1322,15451287,SKILL 17
1323,15451288,SKILL 18
1324,15451289,SKILL 19
1325,15451290,SKILL 20
1326,15451291,SKILL 21
1327,15451292,SKILL 22
1328,15451293,SKILL 23
1329,15451294,SKILL 24
1330,15451295,SKILL 25
1331,15451296,SKILL 26
1332,15451297,SKILL 27
1333,15451298,SKILL 28
1334,15451299,SKILL 29
1335,15451300,SKILL 1
1336,15451301,SKILL 2
1337,15451302,SKILL 3
1338,15451303,SKILL 4
1339,15451304,SKILL 5
1340,15451305,SKILL 6
1341,15451306,SKILL 7
1342,15451307,SKILL 8
1343,15451308,SKILL 9
1344,15451309,SKILL 10
1345,15451310,SKILL 11
1346,15451311,SKILL 12
1347,15451312,SKILL 13
1348,15451313,SKILL 14
1349,15451314,SKILL 15
1350,15451315,SKILL 16
1351,15451316,SKILL 17
1352,15451317,SKILL 18
1353,15451318,SKILL 19
1354,15451319,SKILL 20
1355,15451320,SKILL 21
1356,15451321,SKILL 22
1357,15451322,SKILL 23
1358,15451323,SKILL 24
1359,15451324,SKILL 25
1360,15451325,SKILL 26
1361,15451326,SKILL 27
1362,15451327,SKILL 28
1363,15451328,SKILL 29
1364,15451329,SKILL 1
1365,15451330,SKILL 2
1366,15451331,SKILL 3
1367,15451332,SKILL 4
1368,15451333,SKILL 5
1369,15451334,SKILL 6
1370,15451335,SKILL 7
1371,15451336,SKILL 8
1372,15451337,SKILL 9
1373,15451338,SKILL 10
1374,15451339,SKILL 11
1375,15451340,SKILL 12
1376,15451341,SKILL 13
1377,15451342,SKILL 14
1378,15451343,SKILL 15
1379,15451344,SKILL 16
1380,15451345,SKILL 17
1381,15451346,SKILL 18
1382,15451347,SKILL 19
1383,15451348,SKILL 20
1384,15451349,SKILL 21
1385,15451350,SKILL 22
1386,15451351,SKILL 23
1387,15451352,SKILL 24
1388,15451353,SKILL 25
1389,15451354,SKILL 26
1390,15451355,SKILL 27
1391,15451356,SKILL 28
1392,15451357,SKILL 29
1393,15451358,SKILL 1
1394,15451359,SKILL 2
1395,15451360,SKILL 3
1396,15451361,SKILL 4
1397,15451362,SKILL 5
1398,15451363,SKILL 6
1399,15451364,SKILL 7
1400,15451365,SKILL 8
1401,15451366,SKILL 9
1402,15451367,SKILL 10
1403,15451368,SKILL 11
1404,15451369,SKILL 12
1405,15451370,SKILL 13
1406,15451371,SKILL 14
1407,15451372,SKILL 15
1408,15451373,SKILL 16
1409,15451374,SKILL 17
1410,15451375,SKILL 18
1411,15451376,SKILL 19
1412,15451377,SKILL 20
1413,15451378,SKILL 21
1414,15451379,SKILL 22
1415,15451380,SKILL 23
1416,15451381,SKILL 24
1417,15451382,SKILL 25
1418,15451383,SKILL 26
1419,15451384,SKILL 27
1420,15451385,SKILL 28
1421,15451386,SKILL 29
1422,15451387,SKILL 1
1423,15451388,SKILL 2
1424,15451389,SKILL 3
1425,15451390,SKILL 4
1426,15451391,SKILL 5
1427,15451392,SKILL 6
1428,15451393,SKILL 7
1429,15451394,SKILL 8
1430,15451395,SKILL 9
1431,15451396,SKILL 10
1432,15451397,SKILL 11
1433,15451398,SKILL 12
1434,15451399,SKILL 13
1435,15451400,SKILL 14
1436,15451401,SKILL 15
1437,15451402,SKILL 16
1438,15451403,SKILL 17
1439,15451404,SKILL 18
1440,15451405,SKILL 19
1441,15451406,SKILL 20
1442,15451407,SKILL 21
1443,15451408,SKILL 22
1444,15451409,SKILL 23
1445,15451410,SKILL 24
1446,15451411,SKILL 25
1447,15451412,SKILL 26
1448,15451413,SKILL 27
1449,15451414,SKILL 28
1450,15451415,SKILL 29
1451,15451416,SKILL 1
1452,15451417,SKILL 2
1453,15451418,SKILL 3
1454,15451419,SKILL 4
1455,15451420,SKILL 5
1456,15451421,SKILL 6
1457,15451422,SKILL 7
1458,15451423,SKILL 8
1459,15451424,SKILL 9
1460,15451425,SKILL 10
1461,15451426,SKILL 11
1462,15451427,SKILL 12
1463,15451428,SKILL 13
1464,15451429,SKILL 14
1465,15451430,SKILL 15
1466,15451431,SKILL 16
1467,15451432,SKILL 17
1468,15451433,SKILL 18
1469,15451434,SKILL 19
1470,15451435,SKILL 20
1471,15451436,SKILL 21
1472,15451437,SKILL 22
1473,15451438,SKILL 23
1474,15451439,SKILL 24
1475,15451440,SKILL 25
1476,15451441,SKILL 26
1477,15451442,SKILL 27
1478,15451443,SKILL 28
1479,15451444,SKILL 29
1480,15451445,SKILL 1
1481,15451446,SKILL 2
1482,15451447,SKILL 3
1483,15451448,SKILL 4
1484,15451449,SKILL 5
1485,15451450,SKILL 6
1486,15451451,SKILL 7
1487,15451452,SKILL 8
1488,15451453,SKILL 9
1489,15451454,SKILL 10
1490,15451455,SKILL 11
1491,15451456,SKILL 12
1492,15451457,SKILL 13
1493,15451458,SKILL 14
1494,15451459,SKILL 15
1495,15451460,SKILL 16
1496,15451461,SKILL 17
1497,15451462,SKILL 18
1498,15451463,SKILL 19
1499,15451464,SKILL 20
1500,15451465,SKILL 21
1501,15451466,SKILL 22
1502,15451467,SKILL 23
1503,15451468,SKILL 24
1504,15451469,SKILL 25
1505,15451470,SKILL 26
1506,15451471,SKILL 27
1507,15451472,SKILL 28
1508,15451473,SKILL 29
1509,15451474,SKILL 1
1510,15451475,SKILL 2
1511,15451476,SKILL 3
1512,15451477,SKILL 4
1513,15451478,SKILL 5
1514,15451479,SKILL 6
1515,15451480,SKILL 7
1516,15451481,SKILL 8
1517,15451482,SKILL 9
1518,15451483,SKILL 10
1519,15451484,SKILL 11
1520,15451485,SKILL 12
1521,15451486,SKILL 13
1522,15451487,SKILL 14
1523,15451488,SKILL 15
1524,15451489,SKILL 16
1525,15451490,SKILL 17
1526,15451491,SKILL 18
1527,15451492,SKILL 19
1528,15451493,SKILL 20
1529,15451494,SKILL 21
1530,15451495,SKILL 22
1531,15451496,SKILL 23
1532,15451497,SKILL 24
1533,15451498,SKILL 25
1534,15451499,SKILL 26
1535,15451500,SKILL 27
1536,15451501,SKILL 28
1537,15451502,SKILL 29
1538,15451503,SKILL 1
1539,15451504,SKILL 2
1540,15451505,SKILL 3
1541,15451506,SKILL 4
1542,15451507,SKILL 5
1543,15451508,SKILL 6
1544,15451509,SKILL 7
1545,15451510,SKILL 8
1546,15451511,SKILL 9
1547,15451512,SKILL 10
1548,15451513,SKILL 11
1549,15451514,SKILL 12
1550,15451515,SKILL 13
1551,15451516,SKILL 14
1552,15451517,SKILL 15
1553,15451518,SKILL 16
1554,15451519,SKILL 17
1555,15451520,SKILL 18
1556,15451521,SKILL 19
1557,15451522,SKILL 20
1558,15451523,SKILL 21
1559,15451524,SKILL 22
1560,15451525,SKILL 23
1561,15451526,SKILL 24
1562,15451527,SKILL 25
1563,15451528,SKILL 26
1564,15451529,SKILL 27
1565,15451530,SKILL 28
1566,15451531,SKILL 29
1567,15451532,SKILL 1
1568,15451533,SKILL 2
1569,15451534,SKILL 3
1570,15451535,SKILL 4
1571,15451536,SKILL 5
1572,15451537,SKILL 6
1573,15451538,SKILL 7
1574,15451539,SKILL 8
1575,15451540,SKILL 9
1576,15451541,SKILL 10
1577,15451542,SKILL 11
1578,15451543,SKILL 12
1579,15451544,SKILL 13
1580,15451545,SKILL 14
1581,15451546,SKILL 15
1582,15451547,SKILL 16
1583,15451548,SKILL 17
1584,15451549,SKILL 18
1585,15451550,SKILL 19
1586,15451551,SKILL 20
1587,15451552,SKILL 21
1588,15451553,SKILL 22
1589,15451554,SKILL 23
1590,15451555,SKILL 24
1591,15451556,SKILL 25
1592,15451557,SKILL 26
1593,15451558,SKILL 27
1594,15451559,SKILL 28
1595,15451560,SKILL 29
1596,15451561,SKILL 1
1597,15451562,SKILL 2
1598,15451563,SKILL 3
1599,15451564,SKILL 4
1600,15451565,SKILL 5
1601,15451566,SKILL 6
1602,15451567,SKILL 7
1603,15451568,SKILL 8
1604,15451569,SKILL 9
1605,15451570,SKILL 10
1606,15451571,SKILL 11
1607,15451572,SKILL 12
1608,15451573,SKILL 13
1609,15451574,SKILL 14
1610,15451575,SKILL 15
1611,15451576,SKILL 16
1612,15451577,SKILL 17
1613,15451578,SKILL 18
1614,15451579,SKILL 19
1615,15451580,SKILL 20
1616,15451581,SKILL 21
1617,15451582,SKILL 22
1618,15451583,SKILL 23
1619,15451584,SKILL 24
1620,15451585,SKILL 25
1621,15451586,SKILL 26
1622,15451587,SKILL 27
1623,15451588,SKILL 28
1624,15451589,SKILL 29
1625,15451590,SKILL 1
1626,15451591,SKILL 2
1627,15451592,SKILL 3
1628,15451593,SKILL 4
1629,15451594,SKILL 5
1630,15451595,SKILL 6
1631,15451596,SKILL 7
1632,15451597,SKILL 8
1633,15451598,SKILL 9
1634,15451599,SKILL 10
1635,15451600,SKILL 11
1636,15451601,SKILL 12
1637,15451602,SKILL 13
1638,15451603,SKILL 14
1639,15451604,SKILL 15
1640,15451605,SKILL 16
1641,15451606,SKILL 17
1642,15451607,SKILL 18
1643,15451608,SKILL 19
1644,15451609,SKILL 20
1645,15451610,SKILL 21
1646,15451611,SKILL 22
1647,15451612,SKILL 23
1648,15451613,SKILL 24
1649,15451614,SKILL 25
1650,15451615,SKILL 26
1651,15451616,SKILL 27
1652,15451617,SKILL 28
1653,15451618,SKILL 29
1654,15451619,SKILL 1
1655,15451620,SKILL 2
1656,15451621,SKILL 3
1657,15451622,SKILL 4
1658,15451623,SKILL 5
1659,15451624,SKILL 6
1660,15451625,SKILL 7
1661,15451626,SKILL 8
1662,15451627,SKILL 9
1663,15451628,SKILL 10
1664,15451629,SKILL 11
1665,15451630,SKILL 12
1666,15451631,SKILL 13
1667,15451632,SKILL 14
1668,15451633,SKILL 15
1669,15451634,SKILL 16
1670,15451635,SKILL 17
1671,15451636,SKILL 18
1672,15451637,SKILL 19
1673,15451638,SKILL 20
1674,15451639,SKILL 21
1675,15451640,SKILL 22
1676,15451641,SKILL 23
1677,15451642,SKILL 24
1678,15451643,SKILL 25
1679,15451644,SKILL 26
1680,15451645,SKILL 27
1681,15451646,SKILL 28
1682,15451647,SKILL 29
1683,15451648,SKILL 1
1684,15451649,SKILL 2
1685,15451650,SKILL 3
1686,15451651,SKILL 4
1687,15451652,SKILL 5
1688,15451653,SKILL 6
1689,15451654,SKILL 7
1690,15451655,SKILL 8
1691,15451656,SKILL 9
1692,15451657,SKILL 10
1693,15451658,SKILL 11
1694,15451659,SKILL 12
1695,15451660,SKILL 13
1696,15451661,SKILL 14
1697,15451662,SKILL 15
1698,15451663,SKILL 16
1699,15451664,SKILL 17
1700,15451665,SKILL 18
1701,15451666,SKILL 19
1702,15451667,SKILL 20
1703,15451668,SKILL 21
1704,15451669,SKILL 22
1705,15451670,SKILL 23
1706,15451671,SKILL 24
1707,15451672,SKILL 25
1708,15451673,SKILL 26
1709,15451674,SKILL 27
1710,15451675,SKILL 28
1711,15451676,SKILL 29
1712,15451677,SKILL 1
1713,15451678,SKILL 2
1714,15451679,SKILL 3
1715,15451680,SKILL 4
1716,15451681,SKILL 5
1717,15451682,SKILL 6
1718,15451683,SKILL 7
1719,15451684,SKILL 8
1720,15451685,SKILL 9
1721,15451686,SKILL 10
1722,15451687,SKILL 11
1723,15451688,SKILL 12
1724,15451689,SKILL 13
1725,15451690,SKILL 14
1726,15451691,SKILL 15
1727,15451692,SKILL 16
1728,15451693,SKILL 17
1729,15451694,SKILL 18
1730,15451695,SKILL 19
1731,15451696,SKILL 20
1732,15451697,SKILL 21
1733,15451698,SKILL 22
1734,15451699,SKILL 23
1735,15451700,SKILL 24
1736,15451701,SKILL 25
1737,15451702,SKILL 26
1738,15451703,SKILL 27
1739,15451704,SKILL 28
1740,15451705,SKILL 29
1741,15451706,SKILL 1
1742,15451707,SKILL 2
1743,15451708,SKILL 3
1744,15451709,SKILL 4
1745,15451710,SKILL 5
1746,15451711,SKILL 6
1747,15451712,SKILL 7
1748,15451713,SKILL 8
1749,15451714,SKILL 9
1750,15451715,SKILL 10
1751,15451716,SKILL 11
1752,15451717,SKILL 12
1753,15451718,SKILL 13
1754,15451719,SKILL 14
1755,15451720,SKILL 15
1756,15451721,SKILL 16
1757,15451722,SKILL 17
1758,15451723,SKILL 18
1759,15451724,SKILL 19
1760,15451725,SKILL 20
1761,15451726,SKILL 21
1762,15451727,SKILL 22
1763,15451728,SKILL 23
1764,15451729,SKILL 24
1765,15451730,SKILL 25
1766,15451731,SKILL 26
1767,15451732,SKILL 27
1768,15451733,SKILL 28
1769,15451734,SKILL 29
1770,15451735,SKILL 1
1771,15451736,SKILL 2
1772,15451737,SKILL 3
1773,15451738,SKILL 4
1774,15451739,SKILL 5
1775,15451740,SKILL 6
1776,15451741,SKILL 7
1777,15451742,SKILL 8
1778,15451743,SKILL 9
1779,15451744,SKILL 10
1780,15451745,SKILL 11
1781,15451746,SKILL 12
1782,15451747,SKILL 13
1783,15451748,SKILL 14
1784,15451749,SKILL 15
1785,15451750,SKILL 16
1786,15451751,SKILL 17
1787,15451752,SKILL 18
1788,15451753,SKILL 19
1789,15451754,SKILL 20
1790,15451755,SKILL 21
1791,15451756,SKILL 22
1792,15451757,SKILL 23
1793,15451758,SKILL 24
1794,15451759,SKILL 25
1795,15451760,SKILL 26
1796,15451761,SKILL 27
1797,15451762,SKILL 28
1798,15451763,SKILL 29
1799,15451764,SKILL 1
1800,15451765,SKILL 2
1801,15451766,SKILL 3
1802,15451767,SKILL 4
1803,15451768,SKILL 5
1804,15451769,SKILL 6
1805,15451770,SKILL 7
1806,15451771,SKILL 8
1807,15451772,SKILL 9
1808,15451773,SKILL 10
1809,15451774,SKILL 11
1810,15451775,SKILL 12
1811,15451776,SKILL 13
1812,15451777,SKILL 14
1813,15451778,SKILL 15
1814,15451779,SKILL 16
1815,15451780,SKILL 17
1816,15451781,SKILL 18
1817,15451782,SKILL 19
1818,15451783,SKILL 20
1819,15451784,SKILL 21
1820,15451785,SKILL 22
1821,15451786,SKILL 23
1822,15451787,SKILL 24
1823,15451788,SKILL 25
1824,15451789,SKILL 26
1825,15451790,SKILL 27
1826,15451791,SKILL 28
1827,15451792,SKILL 29
1828,15451793,SKILL 1
1829,15451794,SKILL 2
1830,15451795,SKILL 3
1831,15451796,SKILL 4
1832,15451797,SKILL 5
1833,15451798,SKILL 6
1834,15451799,SKILL 7
1835,15451800,SKILL 8
1836,15451801,SKILL 9
1837,15451802,SKILL 10
1838,15451803,SKILL 11
1839,15451804,SKILL 12
1840,15451805,SKILL 13
1841,15451806,SKILL 14
1842,15451807,SKILL 15
1843,15451808,SKILL 16
1844,15451809,SKILL 17
1845,15451810,SKILL 18
1846,15451811,SKILL 19
1847,15451812,SKILL 20
1848,15451813,SKILL 21
1849,15451814,SKILL 22
1850,15451815,SKILL 23
1851,15451816,SKILL 24
1852,15451817,SKILL 25
1853,15451818,SKILL 26
1854,15451819,SKILL 27
1855,15451820,SKILL 28
1856,15451821,SKILL 29
1857,15451822,SKILL 1
1858,15451823,SKILL 2
1859,15451824,SKILL 3
1860,15451825,SKILL 4
1861,15451826,SKILL 5
1862,15451827,SKILL 6
1863,15451828,SKILL 7
1864,15451829,SKILL 8
1865,15451830,SKILL 9
1866,15451831,SKILL 10
1867,15451832,SKILL 11
1868,15451833,SKILL 12
1869,15451834,SKILL 13
1870,15451835,SKILL 14
1871,15451836,SKILL 15
1872,15451837,SKILL 16
1873,15451838,SKILL 17
1874,15451839,SKILL 18
1875,15451840,SKILL 19
1876,15451841,SKILL 20
1877,15451842,SKILL 21
1878,15451843,SKILL 22
1879,15451844,SKILL 23
1880,15451845,SKILL 24
1881,15451846,SKILL 25
1882,15451847,SKILL 26
1883,15451848,SKILL 27
1884,15451849,SKILL 28
1885,15451850,SKILL 29
1886,15451851,SKILL 1
1887,15451852,SKILL 2
1888,15451853,SKILL 3
1889,15451854,SKILL 4
1890,15451855,SKILL 5
1891,15451856,SKILL 6
1892,15451857,SKILL 7
1893,15451858,SKILL 8
1894,15451859,SKILL 9
1895,15451860,SKILL 10
1896,15451861,SKILL 11
1897,15451862,SKILL 12
1898,15451863,SKILL 13
1899,15451864,SKILL 14
1900,15451865,SKILL 15
1901,15451866,SKILL 16
1902,15451867,SKILL 17
1903,15451868,SKILL 18
1904,15451869,SKILL 19
1905,15451870,SKILL 20
1906,15451871,SKILL 21
1907,15451872,SKILL 22
1908,15451873,SKILL 23
1909,15451874,SKILL 24
1910,15451875,SKILL 25
1911,15451876,SKILL 26
1912,15451877,SKILL 27
1913,15451878,SKILL 28
1914,15451879,SKILL 29
1915,15451880,SKILL 1
1916,15451881,SKILL 2
1917,15451882,SKILL 3
1918,15451883,SKILL 4
1919,15451884,SKILL 5
1920,15451885,SKILL 6
1921,15451886,SKILL 7
1922,15451887,SKILL 8
1923,15451888,SKILL 9
1924,15451889,SKILL 10
1925,15451890,SKILL 11
1926,15451891,SKILL 12
1927,15451892,SKILL 13
1928,15451893,SKILL 14
1929,15451894,SKILL 15
1930,15451895,SKILL 16
1931,15451896,SKILL 17
1932,15451897,SKILL 18
1933,15451898,SKILL 19
1934,15451899,SKILL 20
1935,15451900,SKILL 21
1936,15451901,SKILL 22
1937,15451902,SKILL 23
1938,15451903,SKILL 24
1939,15451904,SKILL 25
1940,15451905,SKILL 26
1941,15451906,SKILL 27
1942,15451907,SKILL 28
1943,15451908,SKILL 29
1944,15451909,SKILL 1
1945,15451910,SKILL 2
1946,15451911,SKILL 3
1947,15451912,SKILL 4
1948,15451913,SKILL 5
1949,15451914,SKILL 6
1950,15451915,SKILL 7
1951,15451916,SKILL 8
1952,15451917,SKILL 9
1953,15451918,SKILL 10
1954,15451919,SKILL 11
1955,15451920,SKILL 12
1956,15451921,SKILL 13
1957,15451922,SKILL 14
1958,15451923,SKILL 15
1959,15451924,SKILL 16
1960,15451925,SKILL 17
1961,15451926,SKILL 18
1962,15451927,SKILL 19
1963,15451928,SKILL 20
1964,15451929,SKILL 21
1965,15451930,SKILL 22
1966,15451931,SKILL 23
1967,15451932,SKILL 24
1968,15451933,SKILL 25
1969,15451934,SKILL 26
1970,15451935,SKILL 27
1971,15451936,SKILL 28
1972,15451937,SKILL 29
1973,15451938,SKILL 1
1974,15451939,SKILL 2
1975,15451940,SKILL 3
1976,15451941,SKILL 4
1977,15451942,SKILL 5
1978,15451943,SKILL 6
1979,15451944,SKILL 7
1980,15451945,SKILL 8
1981,15451946,SKILL 9
1982,15451947,SKILL 10
1983,15451948,SKILL 11
1984,15451949,SKILL 12
1985,15451950,SKILL 13
1986,15451951,SKILL 14
1987,15451952,SKILL 15
1988,15451953,SKILL 16
1989,15451954,SKILL 17
1990,15451955,SKILL 18
1991,15451956,SKILL 19
1992,15451957,SKILL 20
1993,15451958,SKILL 21
1994,15451959,SKILL 22
1995,15451960,SKILL 23
1996,15451961,SKILL 24
1997,15451962,SKILL 25
1998,15451963,SKILL 26
1999,15451964,SKILL 27
2000,15451965,SKILL 28
2001,15451966,SKILL 29
2002,15451967,SKILL 1
2003,15451968,SKILL 2
2004,15451969,SKILL 3
2005,15451970,SKILL 4
2006,15451971,SKILL 5
2007,15451972,SKILL 6
2008,15451973,SKILL 7
2009,15451974,SKILL 8
2010,15451975,SKILL 9
2011,15451976,SKILL 10
2012,15451977,SKILL 11
2013,15451978,SKILL 12
2014,15451979,SKILL 13
2015,15451980,SKILL 14
2016,15451981,SKILL 15
2017,15451982,SKILL 16
2018,15451983,SKILL 17
2019,15451984,SKILL 18
2020,15451985,SKILL 19
2021,15451986,SKILL 20
2022,15451987,SKILL 21
2023,15451988,SKILL 22
2024,15451989,SKILL 23
2025,15451990,SKILL 24
2026,15451991,SKILL 25
2027,15451992,SKILL 26
2028,15451993,SKILL 27
2029,15451994,SKILL 28
2030,15451995,SKILL 29
2031,15451996,SKILL 1
2032,15451997,SKILL 2
2033,15451998,SKILL 3
2034,15451999,SKILL 4
2035,15452000,SKILL 5
2036,15452001,SKILL 6
2037,15452002,SKILL 7
2038,15452003,SKILL 8
2039,15452004,SKILL 9
2040,15452005,SKILL 10
2041,15452006,SKILL 11
2042,15452007,SKILL 12
2043,15452008,SKILL 13
2044,15452009,SKILL 14
2045,15452010,SKILL 15
2046,15452011,SKILL 16
2047,15452012,SKILL 17
2048,15452013,SKILL 18
2049,15452014,SKILL 19
2050,15452015,SKILL 20
2051,15452016,SKILL 21
2052,15452017,SKILL 22
2053,15452018,SKILL 23
2054,15452019,SKILL 24
2055,15452020,SKILL 25
2056,15452021,SKILL 26
2057,15452022,SKILL 27
2058,15452023,SKILL 28
2059,15452024,SKILL 29
2060,15452025,SKILL 1
2061,15452026,SKILL 2
2062,15452027,SKILL 3
2063,15452028,SKILL 4
2064,15452029,SKILL 5
2065,15452030,SKILL 6
2066,15452031,SKILL 7
2067,15452032,SKILL 8
2068,15452033,SKILL 9
2069,15452034,SKILL 10
2070,15452035,SKILL 11
2071,15452036,SKILL 12
2072,15452037,SKILL 13
2073,15452038,SKILL 14
2074,15452039,SKILL 15
2075,15452040,SKILL 16
2076,15452041,SKILL 17
2077,15452042,SKILL 18
2078,15452043,SKILL 19
2079,15452044,SKILL 20
2080,15452045,SKILL 21
2081,15452046,SKILL 22
2082,15452047,SKILL 23
2083,15452048,SKILL 24
2084,15452049,SKILL 25
2085,15452050,SKILL 26
2086,15452051,SKILL 27
2087,15452052,SKILL 28
2088,15452053,SKILL 29
2089,15452054,SKILL 1
2090,15452055,SKILL 2
2091,15452056,SKILL 3
2092,15452057,SKILL 4
2093,15452058,SKILL 5
2094,15452059,SKILL 6
2095,15452060,SKILL 7
2096,15452061,SKILL 8
2097,15452062,SKILL 9
2098,15452063,SKILL 10
2099,15452064,SKILL 11
2100,15452065,SKILL 12
2101,15452066,SKILL 13
2102,15452067,SKILL 14
2103,15452068,SKILL 15
2104,15452069,SKILL 16
2105,15452070,SKILL 17
2106,15452071,SKILL 18
2107,15452072,SKILL 19
2108,15452073,SKILL 20
2109,15452074,SKILL 21
2110,15452075,SKILL 22
2111,15452076,SKILL 23
2112,15452077,SKILL 24
2113,15452078,SKILL 25
2114,15452079,SKILL 26
2115,15452080,SKILL 27
2116,15452081,SKILL 28
2117,15452082,SKILL 29
2118,15452083,SKILL 1
2119,15452084,SKILL 2
2120,15452085,SKILL 3
2121,15452086,SKILL 4
2122,15452087,SKILL 5
2123,15452088,SKILL 6
2124,15452089,SKILL 7
2125,15452090,SKILL 8
2126,15452091,SKILL 9
2127,15452092,SKILL 10
2128,15452093,SKILL 11
2129,15452094,SKILL 12
2130,15452095,SKILL 13
2131,15452096,SKILL 14
2132,15452097,SKILL 15
2133,15452098,SKILL 16
2134,15452099,SKILL 17
2135,15452100,SKILL 18
2136,15452101,SKILL 19
2137,15452102,SKILL 20
2138,15452103,SKILL 21
2139,15452104,SKILL 22
2140,15452105,SKILL 23
2141,15452106,SKILL 24
2142,15452107,SKILL 25
2143,15452108,SKILL 26
2144,15452109,SKILL 27
2145,15452110,SKILL 28
2146,15452111,SKILL 29
2147,15452112,SKILL 1
2148,15452113,SKILL 2
2149,15452114,SKILL 3
2150,15452115,SKILL 4
2151,15452116,SKILL 5
2152,15452117,SKILL 6
2153,15452118,SKILL 7
2154,15452119,SKILL 8
2155,15452120,SKILL 9
2156,15452121,SKILL 10
2157,15452122,SKILL 11
2158,15452123,SKILL 12
2159,15452124,SKILL 13
2160,15452125,SKILL 14
2161,15452126,SKILL 15
2162,15452127,SKILL 16
2163,15452128,SKILL 17
2164,15452129,SKILL 18
2165,15452130,SKILL 19
2166,15452131,SKILL 20
2167,15452132,SKILL 21
2168,15452133,SKILL 22
2169,15452134,SKILL 23
2170,15452135,SKILL 24
2171,15452136,SKILL 25
2172,15452137,SKILL 26
2173,15452138,SKILL 27
2174,15452139,SKILL 28
2175,15452140,SKILL 29
2176,15452141,SKILL 1
2177,15452142,SKILL 2
2178,15452143,SKILL 3
2179,15452144,SKILL 4
2180,15452145,SKILL 5
2181,15452146,SKILL 6
2182,15452147,SKILL 7
2183,15452148,SKILL 8
2184,15452149,SKILL 9
2185,15452150,SKILL 10
2186,15452151,SKILL 11
2187,15452152,SKILL 12
2188,15452153,SKILL 13
2189,15452154,SKILL 14
2190,15452155,SKILL 15
2191,15452156,SKILL 16
2192,15452157,SKILL 17
2193,15452158,SKILL 18
2194,15452159,SKILL 19
2195,15452160,SKILL 20
2196,15452161,SKILL 21
2197,15452162,SKILL 22
2198,15452163,SKILL 23
2199,15452164,SKILL 24
2200,15452165,SKILL 25
2201,15452166,SKILL 26
2202,15452167,SKILL 27
2203,15452168,SKILL 28
2204,15452169,SKILL 29
2205,15452170,SKILL 1
2206,15452171,SKILL 2
2207,15452172,SKILL 3
2208,15452173,SKILL 4
2209,15452174,SKILL 5
2210,15452175,SKILL 6
2211,15452176,SKILL 7
2212,15452177,SKILL 8
2213,15452178,SKILL 9
2214,15452179,SKILL 10
2215,15452180,SKILL 11
2216,15452181,SKILL 12
2217,15452182,SKILL 13
2218,15452183,SKILL 14
2219,15452184,SKILL 15
2220,15452185,SKILL 16
2221,15452186,SKILL 17
2222,15452187,SKILL 18
2223,15452188,SKILL 19
2224,15452189,SKILL 20
2225,15452190,SKILL 21
2226,15452191,SKILL 22
2227,15452192,SKILL 23
2228,15452193,SKILL 24
2229,15452194,SKILL 25
2230,15452195,SKILL 26
2231,15452196,SKILL 27
2232,15452197,SKILL 28
2233,15452198,SKILL 29
2234,15452199,SKILL 1
2235,15452200,SKILL 2
2236,15452201,SKILL 3
2237,15452202,SKILL 4
2238,15452203,SKILL 5
2239,15452204,SKILL 6
2240,15452205,SKILL 7
2241,15452206,SKILL 8
2242,15452207,SKILL 9
2243,15452208,SKILL 10
2244,15452209,SKILL 11
2245,15452210,SKILL 12
2246,15452211,SKILL 13
2247,15452212,SKILL 14
2248,15452213,SKILL 15
2249,15452214,SKILL 16
2250,15452215,SKILL 17
2251,15452216,SKILL 18
2252,15452217,SKILL 19
2253,15452218,SKILL 20
2254,15452219,SKILL 21
2255,15452220,SKILL 22
2256,15452221,SKILL 23
2257,15452222,SKILL 24
2258,15452223,SKILL 25
2259,15452224,SKILL 26
2260,15452225,SKILL 27
2261,15452226,SKILL 28
2262,15452227,SKILL 29
2263,15452228,SKILL 1
2264,15452229,SKILL 2
2265,15452230,SKILL 3
2266,15452231,SKILL 4
2267,15452232,SKILL 5
2268,15452233,SKILL 6
2269,15452234,SKILL 7
2270,15452235,SKILL 8
2271,15452236,SKILL 9
2272,15452237,SKILL 10
2273,15452238,SKILL 11
2274,15452239,SKILL 12
2275,15452240,SKILL 13
2276,15452241,SKILL 14
2277,15452242,SKILL 15
2278,15452243,SKILL 16
2279,15452244,SKILL 17
2280,15452245,SKILL 18
2281,15452246,SKILL 19
2282,15452247,SKILL 20
2283,15452248,SKILL 21
2284,15452249,SKILL 22
2285,15452250,SKILL 23
2286,15452251,SKILL 24
2287,15452252,SKILL 25
2288,15452253,SKILL 26
2289,15452254,SKILL 27
2290,15452255,SKILL 28
2291,15452256,SKILL 29
2292,15452257,SKILL 1
2293,15452258,SKILL 2
2294,15452259,SKILL 3
2295,15452260,SKILL 4
2296,15452261,SKILL 5
2297,15452262,SKILL 6
2298,15452263,SKILL 7
2299,15452264,SKILL 8
2300,15452265,SKILL 9
2301,15452266,SKILL 10
2302,15452267,SKILL 11
2303,15452268,SKILL 12
2304,15452269,SKILL 13
2305,15452270,SKILL 14
2306,15452271,SKILL 15
2307,15452272,SKILL 16
2308,15452273,SKILL 17
2309,15452274,SKILL 18
2310,15452275,SKILL 19
2311,15452276,SKILL 20
2312,15452277,SKILL 21
2313,15452278,SKILL 22
2314,15452279,SKILL 23
2315,15452280,SKILL 24
2316,15452281,SKILL 25
2317,15452282,SKILL 26
2318,15452283,SKILL 27
2319,15452284,SKILL 28
2320,15452285,SKILL 29
2321,15452286,SKILL 1
2322,15452287,SKILL 2
2323,15452288,SKILL 3
2324,15452289,SKILL 4
2325,15452290,SKILL 5
2326,15452291,SKILL 6
2327,15452292,SKILL 7
2328,15452293,SKILL 8
2329,15452294,SKILL 9
2330,15452295,SKILL 10
2331,15452296,SKILL 11
2332,15452297,SKILL 12
2333,15452298,SKILL 13
2334,15452299,SKILL 14
2335,15452300,SKILL 15
2336,15452301,SKILL 16
2337,15452302,SKILL 17
2338,15452303,SKILL 18
2339,15452304,SKILL 19
2340,15452305,SKILL 20
2341,15452306,SKILL 21
2342,15452307,SKILL 22
2343,15452308,SKILL 23
2344,15452309,SKILL 24
2345,15452310,SKILL 25
2346,15452311,SKILL 26
2347,15452312,SKILL 27
2348,15452313,SKILL 28
2349,15452314,SKILL 29
2350,15452315,SKILL 1
2351,15452316,SKILL 2
2352,15452317,SKILL 3
2353,15452318,SKILL 4
2354,15452319,SKILL 5
2355,15452320,SKILL 6
2356,15452321,SKILL 7
2357,15452322,SKILL 8
2358,15452323,SKILL 9
2359,15452324,SKILL 10
2360,15452325,SKILL 11
2361,15452326,SKILL 12
2362,15452327,SKILL 13
2363,15452328,SKILL 14
2364,15452329,SKILL 15
2365,15452330,SKILL 16
2366,15452331,SKILL 17
2367,15452332,SKILL 18
2368,15452333,SKILL 19
2369,15452334,SKILL 20
2370,15452335,SKILL 21
2371,15452336,SKILL 22
2372,15452337,SKILL 23
2373,15452338,SKILL 24
2374,15452339,SKILL 25
2375,15452340,SKILL 26
2376,15452341,SKILL 27
2377,15452342,SKILL 28
2378,15452343,SKILL 29
2379,15452344,SKILL 1
2380,15452345,SKILL 2
2381,15452346,SKILL 3
2382,15452347,SKILL 4
2383,15452348,SKILL 5
2384,15452349,SKILL 6
2385,15452350,SKILL 7
2386,15452351,SKILL 8
2387,15452352,SKILL 9
2388,15452353,SKILL 10
2389,15452354,SKILL 11
2390,15452355,SKILL 12
2391,15452356,SKILL 13
2392,15452357,SKILL 14
2393,15452358,SKILL 15
2394,15452359,SKILL 16
2395,15452360,SKILL 17
2396,15452361,SKILL 18
2397,15452362,SKILL 19
2398,15452363,SKILL 20
2399,15452364,SKILL 21
2400,15452365,SKILL 22
2401,15452366,SKILL 23
2402,15452367,SKILL 24
2403,15452368,SKILL 25
2404,15452369,SKILL 26
2405,15452370,SKILL 27
2406,15452371,SKILL 28
2407,15452372,SKILL 29
2408,15452373,SKILL 1
2409,15452374,SKILL 2
2410,15452375,SKILL 3
2411,15452376,SKILL 4
2412,15452377,SKILL 5
2413,15452378,SKILL 6
2414,15452379,SKILL 7
2415,15452380,SKILL 8
2416,15452381,SKILL 9
2417,15452382,SKILL 10
2418,15452383,SKILL 11
2419,15452384,SKILL 12
2420,15452385,SKILL 13
2421,15452386,SKILL 14
2422,15452387,SKILL 15
2423,15452388,SKILL 16
2424,15452389,SKILL 17
2425,15452390,SKILL 18
2426,15452391,SKILL 19
2427,15452392,SKILL 20
2428,15452393,SKILL 21
2429,15452394,SKILL 22
2430,15452395,SKILL 23
2431,15452396,SKILL 24
2432,15452397,SKILL 25
2433,15452398,SKILL 26
2434,15452399,SKILL 27
2435,15452400,SKILL 28
2436,15452401,SKILL 29
2437,15452402,SKILL 1
2438,15452403,SKILL 2
2439,15452404,SKILL 3
2440,15452405,SKILL 4
2441,15452406,SKILL 5
2442,15452407,SKILL 6
2443,15452408,SKILL 7
2444,15452409,SKILL 8
2445,15452410,SKILL 9
2446,15452411,SKILL 10
2447,15452412,SKILL 11
2448,15452413,SKILL 12
2449,15452414,SKILL 13
2450,15452415,SKILL 14
2451,15452416,SKILL 15
2452,15452417,SKILL 16
2453,15452418,SKILL 17
2454,15452419,SKILL 18
2455,15452420,SKILL 19
2456,15452421,SKILL 20
2457,15452422,SKILL 21
2458,15452423,SKILL 22
2459,15452424,SKILL 23
2460,15452425,SKILL 24
2461,15452426,SKILL 25
2462,15452427,SKILL 26
2463,15452428,SKILL 27
2464,15452429,SKILL 28
2465,15452430,SKILL 29
2466,15452431,SKILL 1
2467,15452432,SKILL 2
2468,15452433,SKILL 3
2469,15452434,SKILL 4
2470,15452435,SKILL 5
2471,15452436,SKILL 6
2472,15452437,SKILL 7
2473,15452438,SKILL 8
2474,15452439,SKILL 9
2475,15452440,SKILL 10
2476,15452441,SKILL 11
2477,15452442,SKILL 12
2478,15452443,SKILL 13
2479,15452444,SKILL 14
2480,15452445,SKILL 15
2481,15452446,SKILL 16
2482,15452447,SKILL 17
2483,15452448,SKILL 18
2484,15452449,SKILL 19
2485,15452450,SKILL 20
2486,15452451,SKILL 21
2487,15452452,SKILL 22
2488,15452453,SKILL 23
2489,15452454,SKILL 24
2490,15452455,SKILL 25
2491,15452456,SKILL 26
2492,15452457,SKILL 27
2493,15452458,SKILL 28
2494,15452459,SKILL 29
2495,15452460,SKILL 1
2496,15452461,SKILL 2
2497,15452462,SKILL 3
2498,15452463,SKILL 4
2499,15452464,SKILL 5
2500,15452465,SKILL 6
2501,15452466,SKILL 7
2502,15452467,SKILL 8
2503,15452468,SKILL 9
2504,15452469,SKILL 10
2505,15452470,SKILL 11
2506,15452471,SKILL 12
2507,15452472,SKILL 13
2508,15452473,SKILL 14
2509,15452474,SKILL 15
2510,15452475,SKILL 16
2511,15452476,SKILL 17
2512,15452477,SKILL 18
2513,15452478,SKILL 19
2514,15452479,SKILL 20
2515,15452480,SKILL 21
2516,15452481,SKILL 22
2517,15452482,SKILL 23
2518,15452483,SKILL 24
2519,15452484,SKILL 25
2520,15452485,SKILL 26
2521,15452486,SKILL 27
2522,15452487,SKILL 28
2523,15452488,SKILL 29
2524,15452489,SKILL 1
2525,15452490,SKILL 2
2526,15452491,SKILL 3
2527,15452492,SKILL 4
2528,15452493,SKILL 5
2529,15452494,SKILL 6
2530,15452495,SKILL 7
2531,15452496,SKILL 8
2532,15452497,SKILL 9
2533,15452498,SKILL 10
2534,15452499,SKILL 11
2535,15452500,SKILL 12
2536,15452501,SKILL 13
2537,15452502,SKILL 14
2538,15452503,SKILL 15
2539,15452504,SKILL 16
2540,15452505,SKILL 17
2541,15452506,SKILL 18
2542,15452507,SKILL 19
2543,15452508,SKILL 20
2544,15452509,SKILL 21
2545,15452510,SKILL 22
2546,15452511,SKILL 23
2547,15452512,SKILL 24
2548,15452513,SKILL 25
2549,15452514,SKILL 26
2550,15452515,SKILL 27
2551,15452516,SKILL 28
2552,15452517,SKILL 29
2553,15452518,SKILL 1
2554,15452519,SKILL 2
2555,15452520,SKILL 3
2556,15452521,SKILL 4
2557,15452522,SKILL 5
2558,15452523,SKILL 6
2559,15452524,SKILL 7
2560,15452525,SKILL 8
2561,15452526,SKILL 9
2562,15452527,SKILL 10
2563,15452528,SKILL 11
2564,15452529,SKILL 12
2565,15452530,SKILL 13
2566,15452531,SKILL 14
2567,15452532,SKILL 15
2568,15452533,SKILL 16
2569,15452534,SKILL 17
2570,15452535,SKILL 18
2571,15452536,SKILL 19
2572,15452537,SKILL 20
2573,15452538,SKILL 21
2574,15452539,SKILL 22
2575,15452540,SKILL 23
2576,15452541,SKILL 24
2577,15452542,SKILL 25
2578,15452543,SKILL 26
2579,15452544,SKILL 27
2580,15452545,SKILL 28
2581,15452546,SKILL 29
2582,15452547,SKILL 1
2583,15452548,SKILL 2
2584,15452549,SKILL 3
2585,15452550,SKILL 4
2586,15452551,SKILL 5
2587,15452552,SKILL 6
2588,15452553,SKILL 7
2589,15452554,SKILL 8
2590,15452555,SKILL 9
2591,15452556,SKILL 10
2592,15452557,SKILL 11
2593,15452558,SKILL 12
2594,15452559,SKILL 13
2595,15452560,SKILL 14
2596,15452561,SKILL 15
2597,15452562,SKILL 16
2598,15452563,SKILL 17
2599,15452564,SKILL 18
2600,15452565,SKILL 19
2601,15452566,SKILL 20
2602,15452567,SKILL 21
2603,15452568,SKILL 22
2604,15452569,SKILL 23
2605,15452570,SKILL 24
2606,15452571,SKILL 25
2607,15452572,SKILL 26
2608,15452573,SKILL 27
2609,15452574,SKILL 28
2610,15452575,SKILL 29
2611,15452576,SKILL 1
2612,15452577,SKILL 2
2613,15452578,SKILL 3
2614,15452579,SKILL 4
2615,15452580,SKILL 5
2616,15452581,SKILL 6
2617,15452582,SKILL 7
2618,15452583,SKILL 8
2619,15452584,SKILL 9
2620,15452585,SKILL 10
2621,15452586,SKILL 11
2622,15452587,SKILL 12
2623,15452588,SKILL 13
2624,15452589,SKILL 14
2625,15452590,SKILL 15
2626,15452591,SKILL 16
2627,15452592,SKILL 17
2628,15452593,SKILL 18
2629,15452594,SKILL 19
2630,15452595,SKILL 20
2631,15452596,SKILL 21
2632,15452597,SKILL 22
2633,15452598,SKILL 23
2634,15452599,SKILL 24
2635,15452600,SKILL 25
2636,15452601,SKILL 26
2637,15452602,SKILL 27
2638,15452603,SKILL 28
2639,15452604,SKILL 29
2640,15452605,SKILL 1
2641,15452606,SKILL 2
2642,15452607,SKILL 3
2643,15452608,SKILL 4
2644,15452609,SKILL 5
2645,15452610,SKILL 6
2646,15452611,SKILL 7
2647,15452612,SKILL 8
2648,15452613,SKILL 9
2649,15452614,SKILL 10
2650,15452615,SKILL 11
2651,15452616,SKILL 12
2652,15452617,SKILL 13
2653,15452618,SKILL 14
2654,15452619,SKILL 15
2655,15452620,SKILL 16
2656,15452621,SKILL 17
2657,15452622,SKILL 18
2658,15452623,SKILL 19
2659,15452624,SKILL 20
2660,15452625,SKILL 21
2661,15452626,SKILL 22
2662,15452627,SKILL 23
2663,15452628,SKILL 24
2664,15452629,SKILL 25
2665,15452630,SKILL 26
2666,15452631,SKILL 27
2667,15452632,SKILL 28
2668,15452633,SKILL 29
2669,15452634,SKILL 1
2670,15452635,SKILL 2
2671,15452636,SKILL 3
2672,15452637,SKILL 4
2673,15452638,SKILL 5
2674,15452639,SKILL 6
2675,15452640,SKILL 7
2676,15452641,SKILL 8
2677,15452642,SKILL 9
2678,15452643,SKILL 10
2679,15452644,SKILL 11
2680,15452645,SKILL 12
2681,15452646,SKILL 13
2682,15452647,SKILL 14
2683,15452648,SKILL 15
2684,15452649,SKILL 16
2685,15452650,SKILL 17
2686,15452651,SKILL 18
2687,15452652,SKILL 19
2688,15452653,SKILL 20
2689,15452654,SKILL 21
2690,15452655,SKILL 22
2691,15452656,SKILL 23
2692,15452657,SKILL 24
2693,15452658,SKILL 25
2694,15452659,SKILL 26
2695,15452660,SKILL 27
2696,15452661,SKILL 28
2697,15452662,SKILL 29
2698,15452663,SKILL 1
2699,15452664,SKILL 2
2700,15452665,SKILL 3
2701,15452666,SKILL 4
2702,15452667,SKILL 5
2703,15452668,SKILL 6
2704,15452669,SKILL 7
2705,15452670,SKILL 8
2706,15452671,SKILL 9
2707,15452672,SKILL 10
2708,15452673,SKILL 11
2709,15452674,SKILL 12
2710,15452675,SKILL 13
2711,15452676,SKILL 14
2712,15452677,SKILL 15
2713,15452678,SKILL 16
2714,15452679,SKILL 17
2715,15452680,SKILL 18
2716,15452681,SKILL 19
2717,15452682,SKILL 20
2718,15452683,SKILL 21
2719,15452684,SKILL 22
2720,15452685,SKILL 23
2721,15452686,SKILL 24
2722,15452687,SKILL 25
2723,15452688,SKILL 26
2724,15452689,SKILL 27
2725,15452690,SKILL 28
2726,15452691,SKILL 29
2727,15452692,SKILL 1
2728,15452693,SKILL 2
2729,15452694,SKILL 3
2730,15452695,SKILL 4
2731,15452696,SKILL 5
2732,15452697,SKILL 6
2733,15452698,SKILL 7
2734,15452699,SKILL 8
2735,15452700,SKILL 9
2736,15452701,SKILL 10
2737,15452702,SKILL 11
2738,15452703,SKILL 12
2739,15452704,SKILL 13
2740,15452705,SKILL 14
2741,15452706,SKILL 15
2742,15452707,SKILL 16
2743,15452708,SKILL 17
2744,15452709,SKILL 18
2745,15452710,SKILL 19
2746,15452711,SKILL 20
2747,15452712,SKILL 21
2748,15452713,SKILL 22
2749,15452714,SKILL 23
2750,15452715,SKILL 24
2751,15452716,SKILL 25
2752,15452717,SKILL 26
2753,15452718,SKILL 27
2754,15452719,SKILL 28
2755,15452720,SKILL 29
2756,15452721,SKILL 1
2757,15452722,SKILL 2
2758,15452723,SKILL 3
2759,15452724,SKILL 4
2760,15452725,SKILL 5
2761,15452726,SKILL 6
2762,15452727,SKILL 7
2763,15452728,SKILL 8
2764,15452729,SKILL 9
2765,15452730,SKILL 10
2766,15452731,SKILL 11
2767,15452732,SKILL 12
2768,15452733,SKILL 13
2769,15452734,SKILL 14
2770,15452735,SKILL 15
2771,15452736,SKILL 16
2772,15452737,SKILL 17
2773,15452738,SKILL 18
2774,15452739,SKILL 19
2775,15452740,SKILL 20
2776,15452741,SKILL 21
2777,15452742,SKILL 22
2778,15452743,SKILL 23
2779,15452744,SKILL 24
2780,15452745,SKILL 25
2781,15452746,SKILL 26
2782,15452747,SKILL 27
2783,15452748,SKILL 28
2784,15452749,SKILL 29
2785,15452750,SKILL 1
2786,15452751,SKILL 2
2787,15452752,SKILL 3
2788,15452753,SKILL 4
2789,15452754,SKILL 5
2790,15452755,SKILL 6
2791,15452756,SKILL 7
2792,15452757,SKILL 8
2793,15452758,SKILL 9
2794,15452759,SKILL 10
2795,15452760,SKILL 11
2796,15452761,SKILL 12
2797,15452762,SKILL 13
2798,15452763,SKILL 14
2799,15452764,SKILL 15
2800,15452765,SKILL 16
2801,15452766,SKILL 17
2802,15452767,SKILL 18
2803,15452768,SKILL 19
2804,15452769,SKILL 20
2805,15452770,SKILL 21
2806,15452771,SKILL 22
2807,15452772,SKILL 23
2808,15452773,SKILL 24
2809,15452774,SKILL 25
2810,15452775,SKILL 26
2811,15452776,SKILL 27
2812,15452777,SKILL 28
2813,15452778,SKILL 29
2814,15452779,SKILL 1
2815,15452780,SKILL 2
2816,15452781,SKILL 3
2817,15452782,SKILL 4
2818,15452783,SKILL 5
2819,15452784,SKILL 6
2820,15452785,SKILL 7
2821,15452786,SKILL 8
2822,15452787,SKILL 9
2823,15452788,SKILL 10
2824,15452789,SKILL 11
2825,15452790,SKILL 12
2826,15452791,SKILL 13
2827,15452792,SKILL 14
2828,15452793,SKILL 15
2829,15452794,SKILL 16
2830,15452795,SKILL 17
2831,15452796,SKILL 18
2832,15452797,SKILL 19
2833,15452798,SKILL 20
2834,15452799,SKILL 21
2835,15452800,SKILL 22
2836,15452801,SKILL 23
2837,15452802,SKILL 24
2838,15452803,SKILL 25
2839,15452804,SKILL 26
2840,15452805,SKILL 27
2841,15452806,SKILL 28
2842,15452807,SKILL 29
2843,15452808,SKILL 1
2844,15452809,SKILL 2
2845,15452810,SKILL 3
2846,15452811,SKILL 4
2847,15452812,SKILL 5
2848,15452813,SKILL 6
2849,15452814,SKILL 7
2850,15452815,SKILL 8
2851,15452816,SKILL 9
2852,15452817,SKILL 10
2853,15452818,SKILL 11
2854,15452819,SKILL 12
2855,15452820,SKILL 13
2856,15452821,SKILL 14
2857,15452822,SKILL 15
2858,15452823,SKILL 16
2859,15452824,SKILL 17
2860,15452825,SKILL 18
2861,15452826,SKILL 19
2862,15452827,SKILL 20
2863,15452828,SKILL 21
2864,15452829,SKILL 22
2865,15452830,SKILL 23
2866,15452831,SKILL 24
2867,15452832,SKILL 25
2868,15452833,SKILL 26
2869,15452834,SKILL 27
2870,15452835,SKILL 28
2871,15452836,SKILL 29
2872,15452837,SKILL 1
2873,15452838,SKILL 2
2874,15452839,SKILL 3
2875,15452840,SKILL 4
2876,15452841,SKILL 5
2877,15452842,SKILL 6
2878,15452843,SKILL 7
2879,15452844,SKILL 8
2880,15452845,SKILL 9
2881,15452846,SKILL 10
2882,15452847,SKILL 11
2883,15452848,SKILL 12
2884,15452849,SKILL 13
2885,15452850,SKILL 14
2886,15452851,SKILL 15
2887,15452852,SKILL 16
2888,15452853,SKILL 17
2889,15452854,SKILL 18
2890,15452855,SKILL 19
2891,15452856,SKILL 20
2892,15452857,SKILL 21
2893,15452858,SKILL 22
2894,15452859,SKILL 23
2895,15452860,SKILL 24
2896,15452861,SKILL 25
2897,15452862,SKILL 26
2898,15452863,SKILL 27
2899,15452864,SKILL 28
2900,15452865,SKILL 29
2901,15452866,SKILL 1
2902,15452867,SKILL 2
2903,15452868,SKILL 3
2904,15452869,SKILL 4
2905,15452870,SKILL 5
2906,15452871,SKILL 6
2907,15452872,SKILL 7
2908,15452873,SKILL 8
2909,15452874,SKILL 9
2910,15452875,SKILL 10
2911,15452876,SKILL 11
2912,15452877,SKILL 12
2913,15452878,SKILL 13
2914,15452879,SKILL 14
2915,15452880,SKILL 15
2916,15452881,SKILL 16
2917,15452882,SKILL 17
2918,15452883,SKILL 18
2919,15452884,SKILL 19
2920,15452885,SKILL 20
2921,15452886,SKILL 21
2922,15452887,SKILL 22
2923,15452888,SKILL 23
2924,15452889,SKILL 24
2925,15452890,SKILL 25
2926,15452891,SKILL 26
2927,15452892,SKILL 27
2928,15452893,SKILL 28
2929,15452894,SKILL 29
2930,15452895,SKILL 1
2931,15452896,SKILL 2
2932,15452897,SKILL 3
2933,15452898,SKILL 4
2934,15452899,SKILL 5
2935,15452900,SKILL 6
2936,15452901,SKILL 7
2937,15452902,SKILL 8
2938,15452903,SKILL 9
2939,15452904,SKILL 10
2940,15452905,SKILL 11
2941,15452906,SKILL 12
2942,15452907,SKILL 13
2943,15452908,SKILL 14
2944,15452909,SKILL 15
2945,15452910,SKILL 16
2946,15452911,SKILL 17
2947,15452912,SKILL 18
2948,15452913,SKILL 19
2949,15452914,SKILL 20
2950,15452915,SKILL 21
2951,15452916,SKILL 22
2952,15452917,SKILL 23
2953,15452918,SKILL 24
2954,15452919,SKILL 25
2955,15452920,SKILL 26
2956,15452921,SKILL 27
2957,15452922,SKILL 28
2958,15452923,SKILL 29
2959,15452924,SKILL 1
2960,15452925,SKILL 2
2961,15452926,SKILL 3
2962,15452927,SKILL 4
2963,15452928,SKILL 5
2964,15452929,SKILL 6
2965,15452930,SKILL 7
2966,15452931,SKILL 8
2967,15452932,SKILL 9
2968,15452933,SKILL 10
2969,15452934,SKILL 11
2970,15452935,SKILL 12
2971,15452936,SKILL 13
2972,15452937,SKILL 14
2973,15452938,SKILL 15
2974,15452939,SKILL 16
2975,15452940,SKILL 17
2976,15452941,SKILL 18
2977,15452942,SKILL 19
2978,15452943,SKILL 20
2979,15452944,SKILL 21
2980,15452945,SKILL 22
2981,15452946,SKILL 23
2982,15452947,SKILL 24
2983,15452948,SKILL 25
2984,15452949,SKILL 26
2985,15452950,SKILL 27
2986,15452951,SKILL 28
2987,15452952,SKILL 29
2988,15452953,SKILL 1
2989,15452954,SKILL 2
2990,15452955,SKILL 3
2991,15452956,SKILL 4
2992,15452957,SKILL 5
2993,15452958,SKILL 6
2994,15452959,SKILL 7
2995,15452960,SKILL 8
2996,15452961,SKILL 9
2997,15452962,SKILL 10
2998,15452963,SKILL 11
2999,15452964,SKILL 12
3000,15452965,SKILL 13
3001,15452966,SKILL 14
3002,15452967,SKILL 15
3003,15452968,SKILL 16
3004,15452969,SKILL 17
3005,15452970,SKILL 18
3006,15452971,SKILL 19
3007,15452972,SKILL 20
3008,15452973,SKILL 21
3009,15452974,SKILL 22
3010,15452975,SKILL 23
3011,15452976,SKILL 24
3012,15452977,SKILL 25
3013,15452978,SKILL 26
3014,15452979,SKILL 27
3015,15452980,SKILL 28
3016,15452981,SKILL 29
3017,15452982,SKILL 1
3018,15452983,SKILL 2
3019,15452984,SKILL 3
3020,15452985,SKILL 4
3021,15452986,SKILL 5
3022,15452987,SKILL 6
3023,15452988,SKILL 7
3024,15452989,SKILL 8
3025,15452990,SKILL 9
3026,15452991,SKILL 10
3027,15452992,SKILL 11
3028,15452993,SKILL 12
3029,15452994,SKILL 13
3030,15452995,SKILL 14
3031,15452996,SKILL 15
3032,15452997,SKILL 16
3033,15452998,SKILL 17
3034,15452999,SKILL 18
3035,15453000,SKILL 19
3036,15453001,SKILL 20
3037,15453002,SKILL 21
3038,15453003,SKILL 22
3039,15453004,SKILL 23
3040,15453005,SKILL 24
3041,15453006,SKILL 25
3042,15453007,SKILL 26
3043,15453008,SKILL 27
3044,15453009,SKILL 28
3045,15453010,SKILL 29
3046,15453011,SKILL 1
3047,15453012,SKILL 2
3048,15453013,SKILL 3
3049,15453014,SKILL 4
3050,15453015,SKILL 5
3051,15453016,SKILL 6
3052,15453017,SKILL 7
3053,15453018,SKILL 8
3054,15453019,SKILL 9
3055,15453020,SKILL 10
3056,15453021,SKILL 11
3057,15453022,SKILL 12
3058,15453023,SKILL 13
3059,15453024,SKILL 14
3060,15453025,SKILL 15
3061,15453026,SKILL 16
3062,15453027,SKILL 17
3063,15453028,SKILL 18
3064,15453029,SKILL 19
3065,15453030,SKILL 20
3066,15453031,SKILL 21
3067,15453032,SKILL 22
3068,15453033,SKILL 23
3069,15453034,SKILL 24
3070,15453035,SKILL 25
3071,15453036,SKILL 26
3072,15453037,SKILL 27
3073,15453038,SKILL 28
3074,15453039,SKILL 29
3075,15453040,SKILL 1
3076,15453041,SKILL 2
3077,15453042,SKILL 3
3078,15453043,SKILL 4
3079,15453044,SKILL 5
3080,15453045,SKILL 6
3081,15453046,SKILL 7
3082,15453047,SKILL 8
3083,15453048,SKILL 9
3084,15453049,SKILL 10
3085,15453050,SKILL 11
3086,15453051,SKILL 12
3087,15453052,SKILL 13
3088,15453053,SKILL 14
3089,15453054,SKILL 15
3090,15453055,SKILL 16
3091,15453056,SKILL 17
3092,15453057,SKILL 18
3093,15453058,SKILL 19
3094,15453059,SKILL 20
3095,15453060,SKILL 21
3096,15453061,SKILL 22
3097,15453062,SKILL 23
3098,15453063,SKILL 24
3099,15453064,SKILL 25
3100,15453065,SKILL 26
3101,15453066,SKILL 27
3102,15453067,SKILL 28
3103,15453068,SKILL 29
3104,15453069,SKILL 1
3105,15453070,SKILL 2
3106,15453071,SKILL 3
3107,15453072,SKILL 4
3108,15453073,SKILL 5
3109,15453074,SKILL 6
3110,15453075,SKILL 7
3111,15453076,SKILL 8
3112,15453077,SKILL 9
3113,15453078,SKILL 10
3114,15453079,SKILL 11
3115,15453080,SKILL 12
3116,15453081,SKILL 13
3117,15453082,SKILL 14
3118,15453083,SKILL 15
3119,15453084,SKILL 16
3120,15453085,SKILL 17
3121,15453086,SKILL 18
3122,15453087,SKILL 19
3123,15453088,SKILL 20
3124,15453089,SKILL 21
3125,15453090,SKILL 22
3126,15453091,SKILL 23
3127,15453092,SKILL 24
3128,15453093,SKILL 25
3129,15453094,SKILL 26
3130,15453095,SKILL 27
3131,15453096,SKILL 28
3132,15453097,SKILL 29
3133,15453098,SKILL 20
3134,15453099,SKILL 21
3135,15453100,SKILL 22
3136,15453101,SKILL 23
3137,15453102,SKILL 24
3138,15453103,SKILL 25
3139,15453104,SKILL 26
3140,15453105,SKILL 27
3141,15453106,SKILL 28
3142,15453107,SKILL 29
3143,15453108,SKILL 20
3144,15453109,SKILL 21
3145,15453110,SKILL 22
3146,15453111,SKILL 23
3147,15453112,SKILL 24
3148,15453113,SKILL 25
3149,15453114,SKILL 26
3150,15453115,SKILL 27
3151,15453116,SKILL 28
3152,15453117,SKILL 29
3153,15453118,SKILL 20
3154,15453119,SKILL 21
3155,15453120,SKILL 22
3156,15453121,SKILL 23
3157,15453122,SKILL 24
3158,15453123,SKILL 25
3159,15453124,SKILL 26
3160,15453125,SKILL 27
3161,15453126,SKILL 28
3162,15453127,SKILL 29
3163,15453128,SKILL 20
3164,15453129,SKILL 21
3165,15453130,SKILL 22
3166,15453131,SKILL 23
3167,15453132,SKILL 24
3168,15453133,SKILL 25
3169,15453134,SKILL 26
3170,15453135,SKILL 27
3171,15453136,SKILL 28
3172,15453137,SKILL 29
3173,15453138,SKILL 20
3174,15453139,SKILL 21
3175,15453140,SKILL 22
3176,15453141,SKILL 23
3177,15453142,SKILL 24
3178,15453143,SKILL 25
3179,15453144,SKILL 26
3180,15453145,SKILL 27
3181,15453146,SKILL 28
3182,15453147,SKILL 29
3183,15453148,SKILL 24
3184,15453149,SKILL 25
3185,15453150,SKILL 26
